게시일,종류,별점,블로그 표기,제목,본문(앞부분),링크
2026-09-24,블로그,,,잠실 샌드위치 잠봉뵈르 바게트가 맛있는 곳 타운샌드위치,"잠실에서 #바게트맛집 찾는다면? 🔥그 중에서도 무화과, 잠봉뵈르, 바게트 맛집 찾는다?!🔥 여기 주목해주세요 !!! 주말에 잠실에서 행사가 있어서 점심을 어디서 먹을까 찾다가 들른 곳이에요. 잠실 더샵 쪽 주상복합 상가 안에 있는 곳인데, 여기가 바게트가 맛있는 샌드위치집 으로 유명하더라고요. 유명한 메뉴 위주로 골라서 먹었는데 셋이서 배부르게 먹고 꽤 만족스러웠어요. 특히 무화과 잠봉뵈르 바게트는 반개만 먹으려고 했다가 결국 하나를 다 먹어버림... 진짜 맛있었어요.ㅋㅋ 1. 위치 및 기본정보 타운샌드위치 잠실점은 잠실 더샵 쪽 …",https://m.blog.naver.com/yoojha92/224421782517
2026-09-24,블로그,,,[잠실 샌드위치] 잠봉뵈르 바게트 맛집 타운샌드위치 잠실역 혼밥 점심 추천,"PT하면서 운동 열심히 했거든요 그래서 배가 갑자기 고픈 거예요 운동했는데 약간 헤비한 거 먹기가 아까워서 건강한 맛있는 음식이 없을까 고민하다가 헬스장 바로 근처에 잠실 샌드위치 맛집의 있더라구요 그래서 점심 혼밥 하고 가기로 했어요 타운샌드위치 잠실점 * 위치 : 서울 송파구 올림픽로35가길 10 103호 타운샌드위치 잠실점 * 전화 : 0507-1448-2447 * 영업시간 : 매일 09:00-20:00 추석 휴무 포장, 예약, 배달, 남/녀 화장실 구분, 주차 잠실 타운샌드위치 1. 위치 위치는 잠실역이랑도 가깝고 잠실나루역…",https://m.blog.naver.com/skyyyyyyy9/224421786281
2026-09-24,블로그,,,잠실 바게트 타운샌드위치 잠실점,잠실 샌드위치 타운샌드위치 잠실점 잠실 바게트 안녕하세요 이화입니다 😊 요즘 날씨가 정말 좋잖아요~? 오랜만에 잠실 나들이를 나갔는데요~ 한강나들이 가기 전 샌드위치 맛집이 있다고해서 타운샌드위치 잠실점에 들러 봤어요~!! 📍 주소 서울 송파구 올림픽로35가길 10 103호 타운샌드위치 잠실점 🚗 주차가능 (60분) 🕓 영업시간 매일 09:00 ~ 20:00 📋 잠실바게트 타운샌드위치 잠실점 가는길 잠실바게트 타운샌드위치 잠실점은 잠실역에서 도보 10분 거리에 위치해 있는데요~ 건너편에 장미아파트가 있어서 주민분들도 쉽게 접근하기 …,https://m.blog.naver.com/imhvva/224421631957
2026-09-24,영수증,5.0,,,석촌호수 피크닉 왔다가 샌드위치 픽업했는데 옴청 맛있어요🥹👍👍 주문 즉시 조리해주십니다 카카오맵으로 매장 위치가 달라 찾기가 힘들었는데 샐러디를 바라보며 타코집 방향으로해서 왼쪽으로 꺽으면 바로보야요!!,https://m.place.naver.com/restaurant/1866142117/review/visitor?reviewItemId=6ab491b46e46c8e2570f255f
2026-09-24,영수증,5.0,,,"공휴일 오전에 운동하고 샌드위치로 점심식사를 하고싶어서 방문했어요:) 메뉴는 올인원세트로 시켰는데 든든하고 2천원 기본할인도 되어 좋았습니다.이번 신상메뉴인 애플잠봉(치즈추가), 진저아이스티, 단호박스프를 골랐는데, 애플잠봉안에는 시나몬향이 좋은 달콤한 사과콩포트와 버터, 잠봉뵈르가 들어가서 샌드위치로 가을을 만끽했네요! 그리고 진저아이스티도 생강청이 넉넉히 들어가서 진하고 넘맛있었어요~ 단호박스프도 부드럽고 단호박고유의 부드러움도 느껴지고 크루통도 따로 챙겨주셔서 더 맛있게 든든하게 먹었습니다~ 다음에 또 방문할예정이에요! 다음번…",https://m.place.naver.com/restaurant/1866142117/review/visitor?reviewItemId=6ab4a90ae52a8bc6e870e2cc
2026-09-24,영수증,5.0,,,"커피도 잘하고 샌드위치도 잘한다고 사장님이 서놓으셨는데요. 스프도 맛집이네요! 단호박 스프 너무 달까봐 긴장하면서 시켰는데, 집에서 만드는 슴슴하면서도 단호박맛이 찐해서요. 질리지 않고 끝까지 먹게되요 ! 건강한 맛. 그리고 잠봉뵈르 빵빵하게 넣어주시네요. 애플파이 좋아해서 애플맛 시켜봤어요. 바게트가맛있고 양도 많아서 반밖에 못먹음-!",https://m.place.naver.com/restaurant/1866142117/review/visitor?reviewItemId=6ab4a745640b423b807e82cd
2026-09-24,영수증,5.0,,,엄마랑 주말 점심으로 방문했는데 샌드위치가 정말 맛있었어요! 애플 잠봉뵈르랑 트러플 잠봉뵈르는 주문해서 반반 나눠먹었는데 둘다 너무 맛있어요👍 바게트도 겉은 바삭하고 속은 부드러워서 샌드위치랑 잘 어울리더라고요. 엄마도 맛있다고 하셔서 다음에 또 와야겠어요~,https://m.place.naver.com/restaurant/1866142117/review/visitor?reviewItemId=6ab49cce0ca16b97410cda52
2026-09-23,블로그,,,"잠실 잠봉뵈르 타운샌드위치 애플 잠봉뵈르 트러플 잠봉뵈르 후기, 엄마랑 주말 브런치","주말에 엄마랑 오랜만에 잠실에 놀러 갔어요. 잠실에 온 김에 점심을 먹고 움직이기로 했는데, 저랑 엄마는 주말 점심에 밥보다는 빵이나 샌드위치 같은 메뉴를 먹는 걸 좋아하는 편이라 이번에는 잠실 샌드위치를 찾아봤어요. 그러다 알게 된 곳이 타운샌드위치 잠실점 이에요. 평소에도 잠봉뵈르를 좋아하는 편인데 여기는 바게트로 만든 샌드위치가 메인이라 궁금하더라고요☺️ 📍타운샌드위치 잠실역 9번 출구에서 도보 8분 ⏰ 영업시간 매일 9:00 - 20:00 🅿️ 잠실 더샵 스타파크 지하주차장 평일 1시간, 주말 2시간 무료 (직원에게 주차 요…",https://m.blog.naver.com/lje413/224421279403
2026-09-23,블로그,,리뷰 이벤트,잠실 샌드위치 추천 타운샌드위치 피크닉추천,"안녕하세요 맛집탐방하는 방걸입니다. 요즘 가을이다보니 날씨가 산책하거나 피크닉하기 정말 좋더라구요 잠실 석촌호수 근처에 위치한 잠실샌드위치 타운샌드위치에서 샌드위치 먹은 후기 공유해볼게요. 타운샌드위치 잠실점 서울 송파구 올림픽로35가길 10 103호 타운샌드위치 잠실점 09:00~20:00 0507-1448-2447 잠실 더샵스타파크 상가 지하주차장 이용가능 매장외부 타운샌드위치 잠실점은 잠실역에서 도보로 이동 가능한 거 리 에 있고 장미아파트 맞은편, 더샵스타파크 상가 1층에 위치해 있어요. 잠실 롯데월드몰이나 석촌호수 쪽 방문…",https://m.blog.naver.com/mukbangru/224421326923
2026-09-23,블로그,,,잠실 샌드위치 맛집 타운샌드위치 잠봉뵈르맛집 잠실 브런치 카페 추천,"잠실에서 맛있는 샌드위치를 찾다가 방문한 타운샌드위치. 브런치 맛집을 찾았어요! 간단하게 한 끼를 해결하고 싶을 때도 좋고, 맛있는 샌드위치와 함께 여유롭게 식사를 즐기고 싶을 때도 괜찮은 곳이라 다녀와봤어요. 타운샌드위치 잠실점 송파구 올림픽로35가길 10 103호 타운샌드위치 잠실점 타운샌드위치 잠실점 서울특별시 송파구 올림픽로35가길 10 103호 타운샌드위치 잠실점 이 블로그의 체크인 이 장소의 다른 글 매장에 들어가기 전 외관부터 깔끔한 분위기가 느껴졌고. 내부도 전체적으로 편안하고 아늑한 느낌이었어요. 바깥 좌석은 요즘 …",https://m.blog.naver.com/djaaktkfkdgo05/224419875205
2026-09-23,블로그,,,"잠실 샌드위치 맛집, 잠봉뵈르와 에그산도 맛있는 곳 타운샌드위치 잠실점",타운샌드위치 잠실점 서울특별시 송파구 올림픽로35가길 10 103호 타운샌드위치 잠실점 이 블로그의 체크인 이 장소의 다른 글 주말 점심에 잠실에서 간단하면서도 든든하게 먹을 곳을 찾다가 타운샌드위치 잠실점에 다녀왔어요 ! 주말 점심시간이라 그런지 매장 안에 손님이 꽤 많았고 배달 주문도 계속 들어오고 있더라고요 직접 방문해서 먹는 손님뿐만 아니라 배달로도 많이 찾는 곳인 것 같았어요 ㅇㅁㅇ 매장에 들어가 보니 가장 먼저 눈에 들어왔던 건 오픈형 주방이었어요 주문하는 공간에서 주방 내부가 어느 정도 보이는 구조라 음식이 만들어지는 …,https://m.blog.naver.com/yu_h0927/224420822161
2026-09-23,블로그,,,잠실역 샌드위치 맛집 타운샌드위치 잠실점 / 에그마요 반미 플레인 잠봉뵈르 후기,요즘 남편이랑 너무 헤비한 음식만 먹은 것 같아 저녁은 조금 가볍게 먹어보자며 잠실에 있는 <타운샌드위치 잠실점>에 다녀왔어요 바게트를 직접 반죽해 굽고 주문이 들어오면 바로 샌드위치를 만들어주는 곳인데요 에그마요 반미와 플레인 잠봉뵈르 먹고 왔는데 두 메뉴 모두 만족스러웠고 특히 에그마요 반미는 저희 부부의 최애 샌드위치로 등극했답니다 :D 바로 소개해볼게요 🥪🥪🥪 📍 주소 서울 송파구 올림픽로35가길 10 잠실 더샵스타파크 103호 ⏰ 영업시간 매일 09:00 - 20:00 📞 전화번호 0507-1856-7138 🚘 주차 잠실 …,https://m.blog.naver.com/i_am_bambi/224421165617
2026-09-23,블로그,,리뷰 이벤트,잠실 카페) 잠실 잠봉뵈르 샌드위치 맛집 타운샌드위치 잠실점,- 2026년 9월 방문 기록 - 최근 잠실을 자주 가게 되는데 이번에 방문한 곳은 샌드위치 맛집 타운샌드위치 잠실점이었다. 타운샌드위치는 신선한 재료로 매일 정성껏 준비하는 바게트 샌드위치 전문점으로 잠실 바게트 맛집으로 유명한 곳인데 잠봉뵈르 샌드위치와 그릴드 치킨 반미 그리고 수프가 맛있는 곳이다. 1. 위치 및 외관 잠실역 9번 출구에서 420m 거리에 위치한 잠실 샌드위치 맛집 타운샌드위치 잠실점 타운샌드위치 잠실점 서울특별시 송파구 올림픽로35가길 10 103호 타운샌드위치 잠실점 이 블로그의 체크인 이 장소의 다른 글 …,https://m.blog.naver.com/dssa1020/224420589354
2026-09-23,영수증,5.0,,,바게트 식감이 정말 좋고 속재료가 신선해서 건강식 한끼로 즐기기 좋아요,https://m.place.naver.com/restaurant/1866142117/review/visitor?reviewItemId=6ab3a59917e627e0db705a3e
2026-09-23,영수증,5.0,,,"포장해서 한강에서 먹었어요. 타운샌드위치가 특별한 재료들은 아니지만 모두 신선하고 소스 비율, 기본 빵 맛이 좋아서 맛있었습니다!",https://m.place.naver.com/restaurant/1866142117/review/visitor?reviewItemId=6ab3ad4edbf85c0d6f079940
2026-09-23,영수증,5.0,,,아이스티 세트 선택해서 할인까지 받았어요. 식사 때를 놓쳐서 회사 가까운 혼밥 장소 찾았어요. 빵이 떡딱하지 않고 재료와 조화롭게 잘 어울립니다. 맛있어서 재방문했어요.,https://m.place.naver.com/restaurant/1866142117/review/visitor?reviewItemId=6ab37b3919ce430dacf4e373
2026-09-22,블로그,,,잠실 샌드위치 맛집 타운샌드위치 잠실점ㅣ 아침부터 든든하게 먹고 온 후기,"아침부터 너무 무거운 음식은 부담스럽고 그렇다고 간단하게 빵 하나만 먹기에는 아쉬운 날이 있다. 이럴 때 생각나는 메뉴가 바로 샌드위치인데, 이번에는 잠실에서 아침 식사로 샌드위치를 먹으러 타운샌드위치 잠실점 에 다녀왔다. 잠실에서 가볍게 아침을 먹을 만한 곳을 찾다가 방문했는데 생각보다 샌드위치가 든든하고 맛있어서 만족스러웠던 곳이다. 특히 빵과 속재료의 조합이 좋아서 왜 잠실 샌드위치 를 찾는 분들이 많이 방문하는지 알 것 같았다. ❤️잠실 샌드위치 맛집 타운샌드위치 잠실점 타운샌드위치 잠실점 서울특별시 송파구 올림픽로35가길 …",https://m.blog.naver.com/mommy_jjy/224419741562
2026-09-22,블로그,,,🍽️잠실 샌드위치 맛집 추천. 타운샌드위치 잠실점 후기 (겉바속촉 바게트 실화),"타운샌드위치 잠실점 서울특별시 송파구 올림픽로35가길 10 103호 타운샌드위치 잠실점 이 블로그의 체크인 이 장소의 다른 글 📍 타운샌드위치 잠실점 서울특별시 송파구 올림픽로35가길 10 103호 요즘 부쩍 저녁을 무겁게 먹으면 다음날 컨디션이 안 좋아지는 걸 느껴서, 저녁 한 끼는 최대한 가볍게 해결하려고 하는 편이에요. 그러다 며칠 전, 잠실 근처에서 볼일을 보고 나서 뭘 먹을지 고민하다가 예전부터 눈여겨보던 잠실샌드위치 맛집, 타운샌드위치 잠실점에 가보기로 했습니다. 사실 샌드위치는 ""간단히 때우는 음식""이라는 이미지가 강해…",https://m.blog.naver.com/kee092/224419374897
2026-09-22,블로그,,,잠실 샌드위치. [타운샌드위치 잠실점] 혼밥하기 좋은 잠실 샌드위치 맛집.,"여러분 혼밥 잘하세요? 저는 잘 못하는데요.. ㅎㅎ 잠실 근처 볼일봤는데 오후 1시인거있죠... 배고픈 사자로 돌변한 제가 샌드위치집에선 혼밥 할 수 있을 것 같아 방문 한 잠실 샌드위치 맛집 타운샌드위치에 다녀온 후기입다! 타운샌드위치 잠실점 ⏰ 매일 09:00-20:00 📍 서울 송파구 올림픽로35가길 10 103호 타운샌드위치 잠실점 📞 0507-1448-2447 🅿️ 주차가능 잠실 더샵 스타파크 지하주차장 이용하시면 평일 1시간 무료, 주말 2시간 무료 타운샌드위치는 제가 인스타통해 알게 된 곳인데 그 분이 엄청 맛있다고 하…",https://m.blog.naver.com/lijineun/224419472005
2026-09-22,영수증,5.0,,,"잠실역 근처에서 가벼운 한끼 찾다가 샌드위치 맛집 있길래 처음 방문해봤는데 음료까지 세트로 완전 가성비 대박이고 푸짐하게 먹었어요! 에그마요반미, 플레인잠봉뵈르 둘 다 최고였어요💛 매장도 넓고 사장님 너무 친절하셔서 즐겁게 먹고 왔습니다! 나중에 다른 맛 먹으러 또 와보려고요~",https://m.place.naver.com/restaurant/1866142117/review/visitor?reviewItemId=6ab258737e5e0b5b88271630
2026-09-22,영수증,5.0,,,"잠실에서 샌드위치 맛집 찾다가 방문했어요! 🥪 트러플 잠봉뵈르랑 크림스프 주문했는데 조합이 너무 좋았어요ㅎㅎ 샌드위치는 속재료가 알차게 들어 있어서 든든했고, 여러 가지 맛을 한 번에 즐길 수 있어서 좋았어요! 크림스프도 부드럽고 고소해서 샌드위치랑 같이 먹으니 더 맛있더라구요 🤍 간단하게 한 끼 먹기에도 좋고 맛도 만족스러웠어요!",https://m.place.naver.com/restaurant/1866142117/review/visitor?reviewItemId=6ab20125cf003f791ceb32e1
2026-09-22,영수증,5.0,,,"타운샌드위치 잠실점에서 반미와 애플잠봉샌드위치를 먹어봤어요. 반미는 바삭한 바게트에 아삭한 채소가 어우러져 산뜻했고, 애플잠봉은 짭짤한 잠봉과 달콤한 사과의 단짠 조합이 매력적이었어요. 두 메뉴 모두 재방문하고 싶은 맛!",https://m.place.naver.com/restaurant/1866142117/review/visitor?reviewItemId=6ab1f6b9b4f3b39ea8bb7215
2026-09-21,블로그,,리뷰 이벤트,서울 잠실 바게트 샌드위치 맛집｜타운샌드위치 잠실점 혼밥 후기,"간단하게 혼밥할 메뉴를 찾다가 바게트 샌드위치 가 맛있다는 후기가 많아서 다녀온 타운샌드위치 잠실점 🥪✨ 샌드위치 종류도 생각보다 다양하고 커팅이나 토핑도 취향에 맞게 선택할 수 있어서 좋았던 곳이에요 🤍 타운샌드위치 잠실점 서울특별시 송파구 올림픽로35가길 10 103호 타운샌드위치 잠실점 이 블로그의 체크인 이 장소의 다른 글 🕐 영업시간 매일 09:00 ~ 20:00 ☎️ 전화 0507-1448-2447 매장에는 혼자 방문하기 좋은 다찌석부터 2인석까지 마련되어 있었고, 날씨가 좋은 날에는 이용하기 좋은 야외 자리도 있어서 샌…",https://m.blog.naver.com/gsw03169/224418559385
2026-09-21,블로그,,리뷰 이벤트,잠실 샌드위치 타운샌드위치 잠실점 에그마요 반미와 단호박스프,안녕하세요 현조이입니다~ ^_^ 타운샌드위치 잠실점은 더샵스타파크 상가 1층에 자리하고 있어요~! 초록색 간판이 눈에 잘 들어와서 처음 가도 찾기 어렵지 않았어요ㅎㅎ 가볍게 먹기 좋은 잠실 샌드위치 찾다가 들러봤는데 매장 분위기도 깔끔했어요~~! 입구 옆에는 아메리카노 2900원 안내와 메뉴 입간판이 같이 있었어요! 들어가기 전에 대표 메뉴랑 가격을 먼저 볼 수 있어서 편하더라고요ㅎ 아메리카노 가격도 부담스럽지 않아서 같이 주문하기 좋아 보였어요~! 타운샌드위치 잠실점 서울특별시 송파구 올림픽로35가길 10 103호 타운샌드위치 잠…,https://m.blog.naver.com/hyunjoys2/224418186158
2026-09-21,블로그,,리뷰 이벤트,잠실 잠봉뵈르 맛집? 타운샌드위치 잠실점 직접 먹어본 솔직후기,"저는 주말에는 간단하게 먹는걸 좋아하는데 오늘따라 샌드위치가 땡기더라고요. 마침 청춘커피페스티벌 방문을 위해 잠실에 들른 상황이라서 잠실 샌드위치 맛집이 있나 하고 검색하다 타운샌드위치 잠실점 을 알게 되었는데요. 잠실 잠봉뵈르 맛집이라고 하니 궁금해져서 직접 먹어봤는데요! 과연 정말 맛있었는지, 솔직한 리뷰 알려드릴게요 :) 잠실 잠봉뵈르 맛집 타운샌드위치 잠실점 목차 1 영업 시간 2 위치 3 가게 모습 4 메뉴 5 솔직 맛 후기 6 한 줄 정리 영업 시간 매일 아침 9시 ~ 밤 8시 위치 타운샌드위치 잠실점은 장미아파트 맞은편…",https://m.blog.naver.com/dontfigureitout/224417127821
2026-09-21,영수증,5.0,,,넘 맛있어요 ㅠㅠ 멀리있는데 또 먹으러 올려구요 매장도 깔끔하고 더 많이 많이 생겼으면 좋겠네요,https://m.place.naver.com/restaurant/1866142117/review/visitor?reviewItemId=6ab0ca76344474a8248f41e0
2026-09-21,영수증,5.0,,,종종 회사 점심으로 잘 사먹다가 네이버 주문되길래 편안하게 사무실에서 시키고 픽업했습니당 굳굳 잠봉뵈르바질이 제 원픽인데 토마토추가 강추라길래 추가해봤거등요? 와 바질이랑 토마토가 원래 조합이 좋잖슴?? 재료의 향긋한 냄새에 1차 츄베릅 맛에 2차 츄베릅했어요 빵은 뭐 말할 것도 없이 너무 맛있구요 다음에도 또 이 조합으로 먹을려고요!! 안드셔봤다면 제발 드셔보세요 이제 다른 집 샌드위치는 못 먹게 될 겁니다 ㅎㅎㅎㅎㅎ,https://m.place.naver.com/restaurant/1866142117/review/visitor?reviewItemId=6ab0b8e8343035f236123eef
2026-09-21,영수증,5.0,,,세트로 주문하니 더 가성비있네요!! 잠봉뵈르샌드위치조아하는데.. 완전 부드럽고 맛있어요💕,https://m.place.naver.com/restaurant/1866142117/review/visitor?reviewItemId=6ab0cae32971255a7f5b9767
2026-09-20,블로그,,,잠실 샌드위치 타운샌드위치 혼밥하기 좋은 맛집,"잠실 샌드위치 타운샌드위치 혼밥하기 좋은 맛집 잠실 샌드위치맛집 타운샌드위치 외부 잠실 혼밥맛집 타운샌드위치에 다녀왔어요 잠실 맛집 타운샌드위치는 잠실역 9번 출구에서 420m로 도보 5분거리에 위치해 있어서 접근성도 좋았고, 잠실더샵 스타파크 아파트상가내에 있어서 아파트 주민분들도 많이 이용하실 것 같더라구요 1시간 무료주차도 가능해서 잠실역 무료주차 맛집으로도 좋았어요 가게앞에도 이렇게 테이블이 있어서 잠실 야장맛집으로도 좋은 곳이에요! 커피와 샌드위치 둘다 잘하는 집이라고 적혀 있었어요 잠실 샌드위치맛집 타운샌드위치 정보 타운…",https://m.blog.naver.com/rlfls9091/224417710868
2026-09-20,블로그,,,잠실 잠봉뵈르 샌드위치 타운샌드위치 잠실점,"잠실 샌드위치 타운샌드위치 잠실점 크랜베리 잠봉뵈르 솔직후기. 🥪 요즘은 점심을 무겁게 먹기보다는 간단하게 먹는 메뉴를 찾게 되는데요. 잠실 장미상가 맞은편에 있는 타운샌드위치 잠실점에 다녀왔어요. 타운샌드위치 잠실점 📍 위치 : 서울 송파구 올림픽로35가길 10 103호 잠실 더샵 스타파크 상가. 잠실역 9번 출구에서 420m ⏰ 영업시간 : 매일 09:00 - 20:00 ☎️ 전화번호 : 0507-1448-2447 📌 예약, 포장, 배달, 단체 이용 가능, 남녀 화장실 구분 🚘 주차 가능(유료) 잠실 더샵 스타파크 상가 지하주차…",https://m.blog.naver.com/unlonely-n/224417908836
2026-09-20,블로그,,리뷰 이벤트,[잠실 샌드위치 맛집 타운샌드위치 잠실점] 바질 잠봉뵈르 에그반미 커피맛집,"서울 송파구 신천동 7-14 매일 9시-20시 0507-1448-2447 안녕하세요 결아가저씨입니다~ 오늘은 샌드위치 맛집을 소개할게요 그냥 샌드위치가 거기서 거기겠지? 아니에욥.. 저 한 빵순이 하는데 진짜 맛있음 여기는 지나갈 때마다 문구가 참 인상 깊었던 곳이에요 커피 잘하고, 샌드위치는 더 잘합니다! 뭔가 자신감이 아주 확실하죠 ㅋㅋ 근데 먹어보니 괜히 붙여놓은 문구가 아니더라고요 이런 문구 보면 또 궁금해서라도 한 번 먹어보고 싶어서 저는 이날 러닝을 하고 근처를 지나가다가 들렀어요 운동하고 나면 이상하게 뭔가 건강하면서도…",https://m.blog.naver.com/dkanrjsk-o-/224417755059
2026-09-20,영수증,5.0,,,에그빈미 항상 맛있게 잘 먹고 있어요~!:),https://m.place.naver.com/restaurant/1866142117/review/visitor?reviewItemId=6aaf8b3033ef478b09c1dcb7
2026-09-20,영수증,5.0,,,근처 볼일보고 혼밥하기 좋아보이는 곳으로 방문했어요. 샌드위치가 엄청 신선 산뜻해보여 타운샌드위치로 주문했는데요! 바게트가 바삭부들 맛있고 양상추도 싱싱하고 마싯엇어요 ㅎㅎ 곁들임 스프로 크림스프하니 크루통 바게트도 주시고 음료까지 세트라 배불리먹고 포장해서 가네요 ㅎㅎ,https://m.place.naver.com/restaurant/1866142117/review/visitor?reviewItemId=6aaf68903421f0ade0a738d9
2026-09-20,영수증,5.0,,,애플잠봉뵈르 타운샌드위치 둘다 신선하고 맛나요,https://m.place.naver.com/restaurant/1866142117/review/visitor?reviewItemId=6aaf48852082727a06e357c4
2026-09-20,영수증,5.0,,,잠실 잠봉뵈르맛집이라해서 들렀는데! 매장에서 먹는동안 배달 기사님만 5명 이상 오시더라구요 ㄷㄷ 진짜맛집인정! 저는 에그도 넘 맛있었어요! 아기랑오기에도 좋았어요🧡 잠봉뵈르 샌드위치 포장해서 인근 한강공원 피크닉 가기에도 짱인듯!,https://m.place.naver.com/restaurant/1866142117/review/visitor?reviewItemId=6aaf5d31f7dc54bc3807733e
2026-09-20,영수증,5.0,,,바쁘신데도 친절하게 응대해주셨어요~! 맛있어요,https://m.place.naver.com/restaurant/1866142117/review/visitor?reviewItemId=6aaf2f08448db8f228e634b4
2026-09-19,영수증,5.0,,,배달만 시켜 먹다가 직접 가서 먹었는데... 너무 맛있어서 계속 감탄하면서 먹었어요! 빵이 진짜 맛있고 재료가 신선해요!! 잠실 샌드위치 맛집 인정입니다~~~!!,https://m.place.naver.com/restaurant/1866142117/review/visitor?reviewItemId=6aae6b941d6e01219cbc617b
2026-09-19,영수증,5.0,,,잠실 잠봉뵈르 맛집이라고 해서 왔는데 진짜 맛있네요 바질페스토도 향긋하고 루꼴라도 싱싱하고 무엇보다 빵이 맛있어요 바게트가 전혀 질기지 않고 씹을때 콰작 바삭해서 식빵 샌드위치랑은 다른 매력이 있어요,https://m.place.naver.com/restaurant/1866142117/review/visitor?reviewItemId=6aae015fbfd6071723f791de
2026-09-18,블로그,,,타운샌드위치 잠실점｜잠실에서 든든하게 먹기 좋은 샌드위치 맛집,"안녕하세요! 쥴리예요~ 저는 요즘 샌드위치가 왜 이렇게 당기는지 모르겠어요. 휴직하고 집에 있다 보니 밥을 차려 먹는 것보다 간편하게 먹을 수 있는 샌드위치가 얼마나 매력적인지 모르겠더라고요 ㅎㅎ 그러다 요즘 샌드위치 빵이 맛있다고 입소문이 자자한 타운샌드위치 를 알게 되어 찾아가 보았어요. 사실 타운샌드위치는 원래 다른 곳에 있을 때도 맛있기로 유명했는데, 이번에 잠실 장미상가 맞은편 쪽으로 이전했다는 사실! 오픈 전부터 맛있다는 소문이 자자해서 저도 궁금한 마음에 다녀왔답니다 ㅎㅎ 📍 타운샌드위치 잠실점 위치는 잠실 장미아파트 …",https://m.blog.naver.com/anna_76/224416507097
2026-09-18,영수증,5.0,,,진짜 최고 맛잇어룡!!!!! 바질도 플레인도 존맛탱 또올게요 ❤️❤️,https://m.place.naver.com/restaurant/1866142117/review/visitor?reviewItemId=6aad07ac2119a52e23c51aa4
2026-09-18,영수증,4.0,,,음식이 신선하고 맛있습니다.,https://m.place.naver.com/restaurant/1866142117/review/visitor?reviewItemId=6aaca9398999c77a7b5b95e7
2026-09-17,블로그,,,잠실 바게트 샌드위치 맛집 타운샌드위치 혼밥 브런치 애블잠봉뵈르 추천,"송파 전문 블로거 화미밈의 잠실 맛집 후기 타운샌드위치 잠실점 맛있는 샌드위치와 따뜻한 스프 한 그릇의 든든함 한낮의 볕이 은근히 내리쬐던 오후, 잠실역 쪽에 볼일이 잡혀 나갔다가 모처럼의 여유를 즐겨보았어요. 근처에서 가볍게 점심을 해결할 곳을 찾다가 노란 야외 테이블이 유독 눈길을 끌더라고요. 마침 바삭한 빵에 진한 커피 한잔 곁들이고 싶었던 터라 설레는 마음으로 안으로 걸어갔답니다. 평소 오가며 봐두었던 곳인데 점심 피크 시간을 살짝 피해 들르니 한결 여유로운 인상을 주었어요. 문을 열자마자 고소하게 퍼지는 바게트 굽는 냄새가…",https://m.blog.naver.com/hwamme/224411840121
2026-09-17,영수증,5.0,,,샌드위치가 먹고 싶어서 들린 타운샌드위치입니다. 잠봉뵈르 샌드위치도 너무 맛있고 베트남에서 맛있게 먹었던 그 맛을 떠올리게 해주는 반미까지.. 커피도 너무 맛있고 샌드위치와 잘 어울렸습니다 ㅎㅎ 샌드위치 생각날때 방문 필수!!,https://m.place.naver.com/restaurant/1866142117/review/visitor?reviewItemId=6aab6d4933d0a94678b3f9a3
2026-09-17,영수증,5.0,,,바질 + 루꼴라를 좋아합니다. 항상 지나가면서 먹어봐야지 하던 곳 ! 리뷰에서 본 “빵 맛있다” 는 정말 ㄹㅇ이었습니다 바게트가 입에서 살살 녹는 느낌 자극적이지 않고 깔끔한 바질 잠봉 바게트 👍🏻🎵 다음에 또 사먹을 예정입니다! 매장도 깔끔하고 혼밥 하기에도 좋고 매장이 전체적으로 깨끗하고 깔끔합니다! 번창하세요 ❤️,https://m.place.naver.com/restaurant/1866142117/review/visitor?reviewItemId=6aab35aac4600840b53c416f
2026-09-16,블로그,,,"잠실역 맛집 타운샌드위치, 샌드위치 세트 (바질잠봉뵈르) 후기",잠실에서 간단하게 점심을 먹을 곳을 찾다가 타운샌드위치에 다녀왔어요. 잠실역과도 가까운 편이라 직장인들이 점심시간에 들르거나 잠시 쉬면서 가볍게 식사하기 좋은 곳이었어요. 샌드위치 하나로 간단하게 점심을 해결하고 싶을 때 방문하기 괜찮은 곳입니다. 차를 가지고 방문했는데 주차장도 마련되어 있어서 편하게 이용할 수 있었어요. 지히주차장 가능해요. 아파트와 오피스텔 주차장 쪽으로 들어오면 상가 쪽 표지판이 보일거고 그쪽으로 쭉 들어오시면 됩니다. 지하로 내려가시면 상가 주차장 쪽으로 안내 표지판이 있으니 따라가셔서 주차하시면 됩니다. …,https://m.blog.naver.com/isamhsam/224413887510
2026-09-16,블로그,,,잠실 타운샌드위치-진짜 개존맛 인생 잠봉뵈르 샌드위치 맛집 추천,"타운샌드위치 위치:서울 송파구 올림픽로35가길 10 103호 영업시간:매일 09:00 - 20:00 전화번호:0507-1448-2447 저의 오랜 로망 중 하나였던 러닝하고 간단하게 커피랑 샌드위치 먹기! 그래서 아침에 좀 일찍 일어나기도 했고, 요즘 날이 선선해졌으니 러닝으로 잠실까지 가서 샌드위치 먹고 왔습니다. 근데 진짜 개 쩔게 맛있었음… 바로 <타운 샌드위치> 잠실점 근처가 다 직장가라 그런지 점심시간이 훨씬 남았는데도 계속 배달 주문이 엄청 들어오더라고요. 오… 여기 찐 맛집인가 싶었음 내부는 엄청 깔끔하고 일반 테이블부…",https://m.blog.naver.com/chaek_check/224413586569
2026-09-16,블로그,,,잠실 샌드위치 맛집 타운샌드위치 메뉴 추천 | 직접 먹어본 후기,"잠실에서 간단하게 동생이랑 저녁 먹으려고 방문한 타운샌드위치 잠실점! 평소에도 샌드위치를 좋아하는 편인데, 여기는 일반 식빵 샌드위치보다는 바게트 빵에 재료를 듬뿍 넣어주는 스타일이라 맛있을 것 같아서 방문했어요 잠실에서 가볍게 한 끼 먹을 곳을 찾거나 포장해서 먹기 좋은 잠실 샌드위치 맛집 을 찾고 계셨다면 제 포스팅 참고해주세요! 잠실 타운샌드위치 위치 📌서울 송파구 올림픽로35가길 10 103호 ⏰매일 09:00 - 20:00 🚘주차가능(최초 60분 무료) 잠실 샌드위치 맛집 타운샌드위치 잠실점은 잠실역에서 걸어서 방문하기 좋…",https://m.blog.naver.com/qlrtmwjdfpdh4/224413499703
2026-09-16,영수증,5.0,,,너무 맛있게 잘 먹고 갑니다!,https://m.place.naver.com/restaurant/1866142117/review/visitor?reviewItemId=6aaa2435dbf85c0d6f921ba4
2026-09-16,영수증,5.0,,,타운샌드위치 잠실점에서 타운샌드위치와 그릴드치킨반미를 수프·커피 세트로 먹었습니다. 바게트가 바삭하고 속 재료가 신선해 한 끼로 든든했어요. 특히 그릴드치킨반미는 오븐에 구운 치킨과 상큼한 야채초절임이 잘 어울렸습니다. 수프도 따뜻하고 커피도 깔끔해 세트 만족도가 높았습니다. 포장도 깔끔해 다음에도 방문할 생각입니다.,https://m.place.naver.com/restaurant/1866142117/review/visitor?reviewItemId=6aaa004b9e9bc467a3299eb1
2026-09-15,블로그,,리뷰 이벤트,잠실 잠봉뵈르 타운샌드위치 잠실 직장인 점심 추천,안녕하세요~ 죠니입니다:) 저는 가끔 날씨 좋은날 한강 산책을 하러 잠실에 나가곤 하는데요 그런날은 점심을 간단하게 먹어야 좋더라구요~~ 그럴 때 종종 방문하는 샌드위치 맛집을 소개해 드리려구 합니다:) 장미상가 바로 앞이라 첫방문 할때도 찾아 가기 어렵지 않았어요 근처 잠실 직장인 분들도 일하다가 점심시간에 슥 다녀오기 괜찮은 위치더라고요. 오늘 소개해 드릴 곳은 제가 좋아하는 잠실 샌드위치 맛집 타운샌드위치 소개해볼게요! 잠실 직장인 점심 추천 매장에 들어가면 전체적으로 깔끔하고 편안한 분위기인데요. 선인장이 너무 귀여워서 혼자…,https://m.blog.naver.com/kjhn5481/224412844277
2026-09-15,블로그,,,맛있는 잠실 바게트 샌드위치 가게 타운샌드위치 잠실점,"타운샌드위치 잠실점 0507-1448-2447 서울 송파구 올림픽로35가길 10 13호 타운샌드위치 잠실점 타운샌드위치 잠실점 서울특별시 송파구 올림픽로35가길 10 103호 타운샌드위치 잠실점 이 블로그의 체크인 이 장소의 다른 글 석촌호수가 있는 8호선과 2호선 잠실역 근방에 위치한 타운샌드위치 잠실점이에요 신선한 재료로 만든 샌드위치 외에도 스프, 커피가 맛있는 잠실 샌드위치 가게에요 다이어트 외식, 다이어트 식단으로도 건강한 타운샌드위치로 토핑에 따라 메뉴도 다양해요 키오스크에 음료와 샌드위치가 세트인거, 올인원세트로 스프,…",https://m.blog.naver.com/myungsin2/224412951389
2026-09-15,블로그,,,잠실 샌드위치 맛집 잠실역 카페 타운샌드위치 잠실점,잠실 샌드위치 맛집 잠실역 카페 타운샌드위치 타운샌드위치 잠실점 서울특별시 송파구 올림픽로35가길 10 103호 타운샌드위치 잠실점 이 블로그의 체크인 이 장소의 다른 글 타운샌드위치 잠실점 서울 송파구 올림픽로35가길 10 103호 타운샌드위치 잠실점 서울 송파구 신천동 7-14 05510 매일 09:00 - 20:00 Tel. 0507-1448-2447 @town_sandwich 안녕하세요 ~! 잠실역 근처에서 약속 시간이 조금 미뤄져 가볍게 배채우려고 들렸는데 🌝 거의 한끼 식사 마냥 두둑히 해치우게 됐던 🤭 샌드위치 정말 맛…,https://m.blog.naver.com/playlikewant/224413069632
2026-09-15,블로그,,리뷰 이벤트,잠실역 타운샌드위치 바게트 맛있는 잠실 잠봉뵈르 반미 솔직 후기,잠실역 근처에 바게트 빵 맛있는 샌드위치 가게 있다고 전해들어서 타운샌드위치 방문했어요. 잠실 장미상가 맞은편 스타파크 건물에 위치해있어서 잠실 직장인 점심 맛집으로도 인기 있는 곳이었어요. 1. 매장 잠실 타운샌드위치 매장은 잠실역 7번 출구 혹은 9번 출구에서 가까운 편이에요. 커피 잘하고 샌드위치는 더 잘하는 곳이면 점심 먹기에 완벽한 곳이죠. 주문 후 즉시 제조하신다고 하는데도 생각보다 메뉴 금방 준비되더라고요. 바게트 샌드위치가 대표 메뉴여서 잠실 잠봉뵈르 찾거나 반미 먹고 싶을 때 방문하기에도 좋은 곳이었어요. 요즘 같은…,https://m.blog.naver.com/samsung_budongsan/224413006554
2026-09-15,영수증,5.0,,,오랜만에 동생이랑 같이 저녁 먹으려고 방문했는데 샌드위치가 너무 맛있어요~! 한강공원 가는 길이라 포장해서 피크닉 가도 좋을 듯 해용👍,https://m.place.naver.com/restaurant/1866142117/review/visitor?reviewItemId=6aa91b97f39dc52f9d452077
2026-09-15,영수증,5.0,,,야채 정말신선하구 바게트빵이 바삭한게 너무 맛있어요 점심시간에 든든하게 한끼 먹기 너무 좋습니다:),https://m.place.naver.com/restaurant/1866142117/review/visitor?reviewItemId=6aa8e3105b508d8a6ddcce14
2026-09-15,영수증,5.0,,,스프와 같이 먹는 빵이 맛있어요~아이스커피도 진하고요,https://m.place.naver.com/restaurant/1866142117/review/visitor?reviewItemId=6aa8daf4452adfde1d8f6c4f
2026-09-14,블로그,,리뷰 이벤트,잠실역 맛집 롯데월드몰 석촌호수 브런치 추천 타운샌드위치 잠실점,"안녕하세요 슈슈 입니다 ( ⸝⸝•ᴗ•⸝⸝ )੭˒˒ 오랜만에 잠실 나들이 갔다가 무겁지 않으면서 산뜻한 음식이 당기는데, 샌드위치가 딱이잖아요? 샌드위치 처돌이인 제가 한 입 먹자마자 반해버린 잠실의 숨은 보석 같은 곳 을 소개해 드리려고 해요. 바로 타운샌드위치 잠실점 인데요! 잠실역, 롯데월드몰, 석촌호수랑 다 가까워서 접근성까지 완벽한 브런치 맛집 (-‿◦)✶ * . 타운샌드위치 잠실점 서울특별시 송파구 올림픽로35가길 10 103호 타운샌드위치 잠실점 이 블로그의 체크인 이 장소의 다른 글 📍 서울 송파구 올림픽로35가길 10…",https://m.blog.naver.com/bunnyshu/224410469162
2026-09-14,블로그,,리뷰 이벤트,잠실 샌드위치 맛집 타운샌드위치 메뉴 이벤트 혼밥 식당 추천,주말에 잠실에서 혼밥할 장소를 물색하던 중 잠실 샌드위치 맛집 타운샌드위치가 생겨서 방문했다. 타운샌드위치 잠실점 서울특별시 송파구 올림픽로35가길 10 103호 타운샌드위치 잠실점 이 블로그의 체크인 이 장소의 다른 글 영업시간 매일 09:00 - 20:00 주차 잠실 더샵 스타파크 상가 지하주차장 주차 가능 평일 1시간 주말 2시간 지원 (직원에게 요청 필수) 이 근처 식당들이 일요일이면 휴무인경우가 많은데 (특히 장미상가 내 식당들!!!) 여기는 일요일에도 영업해서 일요일방문하기에도 좋았다. 맛있는 샌드위치와 다양한 음료를 파…,https://m.blog.naver.com/beau0722/224410393536
2026-09-14,블로그,,,잠실카페 추천 잠봉뵈르 샌드위치맛집 타운샌드위치 잠실점,안녕하세요🐰👋 밖에서 간단한 한 끼를 찾을 때 샌드위치만한 게 없잖아요! 탄단지를 모두 챙길 수 있는 건강식인데다 맛도 다양한 샌드위치는 제 최애메뉴 중 하나인데요 오늘은 잠실역 근처 샌드위치 맛집에 다녀와 보았습니다 타운샌드위치 잠실점 📍 서울 송파구 올림픽로35가길 10 103호 ⏰매일 09:00 - 20:00 ☎️ 0507-1448-2447 잠실역 9번출구에서 도보 10분으로 역에서 멀지 않고 찾기 쉬운 위치 1층에 있어요 타운샌드위치 잠실점 서울특별시 송파구 올림픽로35가길 10 103호 타운샌드위치 잠실점 이 블로그의 체크…,https://m.blog.naver.com/perrylog/224410876254
2026-09-14,영수증,5.0,,,혼자 방문하기도 너무 좋은 샌드위치 맛집!!! 왕 추천입니닷 ~~🤍🤍 잠봉뵈르는 꼬옥 추천이용,https://m.place.naver.com/restaurant/1866142117/review/visitor?reviewItemId=6aa75ff356471c634a98b296
2026-09-13,블로그,,리뷰 이벤트,"잠실 바게트 샌드위치 브런치 맛집, 타운샌드위치 애플 잠봉뵈르 후기","금요일에 잠실에서 간단히 점심을 먹었어요. 혼자 여유롭게 먹을 곳을 찾았는데, 마침 잠봉뵈르 샌드위치를 잘하는 집이 있다고 해서 가보게 됐어요. 바로 타운샌드위치 잠실점 이에요. 찾아가는 길 잠실 더샵스타파크 상가건물 1층에 위치해 있어요. 외관은 타운샌드위치라고 흰색으로 쓰인 간판이 보여요. 타운샌드위치 잠실점 -위치: 서울 송파구 올림픽로 35가길 10, 103호 (잠실 더샵스타파크 상가 1층, 장미아파트 맞은편) -접근: 지하철 잠실역 7번 출구에서 도보 약 9분(420m), -영업시간: 매일 09:00~20:00 -전화번호:…",https://m.blog.naver.com/bicrunch1/224409635434
2026-09-13,블로그,,리뷰 이벤트,잠실 : 타운샌드위치 잠실점 _ 잠실 샌드위치 잠봉뵈르 맛,여러분 안녕하세요 로로언니입니다 ❤️ 커피와 함께 즐길 수 있는 샌드위치 맛집 다녀왔어요 잠실 샌드위치 브런치 타운샌드위치 잠실점 잠실 샌드위치 브런치 타운샌드위치 잠실점 잠실역 근처에 있어 바쁜 출근길 들리기도 좋고 잠봉뵈르 샌드위치로 건강챙기고 싶을 때 들릴만한 타운샌드위치 잠실점 소개할게요😉 타운샌드위치 잠실점 위치 / 가게 정보 주소: 서울 송파구 올림픽로35가길 10 103호 타운샌드위치 잠실점 번호: 0507-1448-2447 영업시간: 매일 9:00~20:00 타운샌드위치 잠실점 서울특별시 송파구 올림픽로35가길 10 …,https://m.blog.naver.com/rorosis/224410314465
2026-09-13,블로그,,광고 표기,"잠실 잠봉뵈르 맛집 타운샌드위치 후기, 주차정보","잠실 점심 맛집 타운샌드위치 다녀왔어요. 포장, 배달 주문도 많은 곳이라 저희도 포장해서 가려고 했는데 상가 주차장을 이용 할 수 있다고 해서 차량방문 후 매장식사하고 왔답니다. 잠실 맛집 타운샌드위치가 유명한 이유가 바로 &#x27;바게트 빵&#x27; 때문인데요. 매장에서 직접 반죽해 굽는다는 이 &#x27;바게트 빵&#x27;이 정말 맛있어요. 따고 구매할 수 있다면 그러고 싶을 정도인데 바게트 빵으로 만들어지는 잠봉뵈르가 아주 끝내준답니다. 그럼 후기 바로 나눠볼게요! 1. 매장 외관 진짜 &#x27;잠실역 맛집&#x27;이…",https://m.blog.naver.com/zipejoayo/224410114742
2026-09-13,영수증,5.0,,,우연히 들렀는데 사장님 너무 친절하시고 샌드위치 맛있었어요!!,https://m.place.naver.com/restaurant/1866142117/review/visitor?reviewItemId=6aa613d43b970fd265313283
2026-09-13,영수증,4.0,,,맛잇게 먹었어요!!,https://m.place.naver.com/restaurant/1866142117/review/visitor?reviewItemId=6aa612b139d5b7f859c95745
2026-09-13,영수증,5.0,,,"타운샌드위치 잠실점에서 크렌베리잠보뵈르와 그릴그치킨반미를 먹었는데, 둘 다 재료가 푸짐하고 빵 식감이 살아 있어 만족스러웠어요. 특히 크랜베리의 상큼함과 치킨의 고소함이 잘 어우러졌고, 단호박 스프도 부드럽고 달콤해 샌드위치와 궁합이 완벽했어요. 커피도 향과 바디감이 좋아 식사 마무리를 깔끔하게 해줬습니다. 사장님이 엄청 친절해서 기분까지 좋아지는 곳이네요. 빵이 바삭하고 야채가 신선하다는 다른 후기들처럼, 이곳 샌드위치는 한입마다 고소함이 가득 퍼집니다. 가격도 합리적이고 테이크아웃하기 좋아 직장인들에게 추천하고 싶어요!",https://m.place.naver.com/restaurant/1866142117/review/visitor?reviewItemId=6aa6117ed0df478a9fd09f61
2026-09-12,블로그,,,"잠실 샌드위치 맛집 타운샌드위치 잠실점, 주말 브런치","잠실 샌드위치 맛집 타운샌드위치 잠실점, 주말 브런치로 딱! 주말 오전 잠실역에서 1시간 정도 여유가 있어서 여유롭게 브런치를 즐길 만한 곳을 찾아봤어요. 평소에도 가끔 들르는 동네인데, 평일에는 직장인들이 정말 많이 오는 걸 봤어서 눈여겨만 봤던 곳인데 주말에는 상대적으로 조용하지 않을까 싶어서 잠실샌드위치 맛집 타운샌드위치에 방문했습니다. 타운샌드위치 잠실점은 매일 09:00~20:00 까지 영업해요. 주말엔 조용한 매장, 알고 보니 배달 맛집? 매장에 들어갔을 때는 생각보다 한적해서 여유롭게 식사하기 좋겠다 싶었어요. 그런데 …",https://m.blog.naver.com/keeloglong/224409543521
2026-09-12,블로그,,,잠실 샌드위치 혼밥하기 좋은 타운샌드위치 잠실점 올인원세트 후기,"안녕하세요. 아산병원 검사 일정이 있어서 갔다가 우연히 들르게 된 정말 마음에 드는 맛집 이야기를 해보려고 해요. 피곤해서 맛있는 거 먹고 가고싶어서 찾은 곳이에요. 버스 한번에 금방이더라고요^^ 아산병원 가는 날 또 가고 싶은 집으로 마음속에 찜해둔 곳인데 바로 타운샌드위치 잠실점입니다. 위치도 찾기 쉬워서 길을 헤매지 않고 바로 방문할 수 있었어요. 잠실 회사원 분들도 은근히 와서 드시더라고요 ^^ 제가 먹는 도중 포장해가시는 분, 배달 라이더분, 단체손님... 다양하게 오시더라고요 매장 전체가 워낙 깔끔하게 관리되어 있어서 들…",https://m.blog.naver.com/happyheyday/224409609430
2026-09-12,영수증,5.0,,,타운샌드위치 혼밥하기에도 최고 맛도 짱맛이에요 특히 크림스프가 미쳤네요 (p) 직원분도 무척 친절하시고 만족스러운 식사하고 가용,https://m.place.naver.com/restaurant/1866142117/review/visitor?reviewItemId=6aa5118e96ad5b93bfd48974
2026-09-12,영수증,5.0,,,신선하고 맛있는 샌드위치입니다!,https://m.place.naver.com/restaurant/1866142117/review/visitor?reviewItemId=6aa4ccf37253b8dee13c0937
2026-09-12,영수증,5.0,,,부드러운 바게트에 풍성하게 재료가 들어있어 좋아요. 신선한 야채가 듬뿍 들어간 타운샌드위치와 달콤한 사과잼에 잠봉이 듬뿍 들어간 잠봉뵈르 모두 맛있어요!! 배달로도 시켜먹어야겠어요!!,https://m.place.naver.com/restaurant/1866142117/review/visitor?reviewItemId=6aa4c0b6aaf87bdba0c391ea
2026-09-12,영수증,5.0,,,"금요일 점심에 혼자 여유롭게 방문한 잠실브런치맛집 타운샌드위치잠실에서 애플 잠봉뵈르(8,800원), 찍어먹는 크림스프(4,800원), 우베라떼(4,400원)를 주문해 먹었어요~ 애플 잠봉 샌드위치는 바삭바삭한 바게트 속에 담백한 스모크햄과 시나몬 애플 콤포트가 듬뿍 들어가 달콤 짭짤한 맛이 일품인 잠실잠봉뵈르였어요😁 전혀 헤비하지 않고 맛있어서 샌드위치 본연의 매력을 제대로 느꼈어요. 따뜻하고 고소한 크림스프에 빵을 콕 찍어 먹고, 은은한 코코넛 향이 감도는 이색적인 우베라떼까지 곁들이니 넘 딱이었어요:) 조용히 잠실혼밥 하기에도 …",https://m.place.naver.com/restaurant/1866142117/review/visitor?reviewItemId=6aa54c5d4f5816d604b79667
2026-09-11,블로그,,,[잠실 샌드위치 맛집] 타운샌드위치 세트 할인 잠실 가볼만한 곳,"[잠실 샌드위치 맛집] 타운샌드위치 세트 할인 잠실 가볼만한 곳 안녕하세요! 얼마 전 남자친구와 함께 잠실에 놀러 갔다가 진심으로 반하고 온 샌드위치 맛집, 타운 샌드위치 잠실점 방문 후기를 가져왔습니다. 남자친구가 최근 대회 준비로 식단 관리에 체중 감량을 하고 있어서, 건강하면서도 맛있는 샌드위치 집을 찾다가 발견한 곳인데요.✨ 기대 이상으로 너무 맛있어서 둘 다 엄청 감탄하며 먹고 왔습니다!🤤🤤 정말 다양한 샌드위치 종류들이 있어요!! 제가 사랑하는 스프도 있지만 이번엔 패스하고 ㅎㅎ 저희는 둘다 음료세트로 주문! (세트로 주…",https://m.blog.naver.com/kabigon-/224408190196
2026-09-11,블로그,,,타운샌드위치 잠실점 잠실 샌드위치 추천 후기 잠봉뵈르랑 반미!,오전에 브런치 겸 샌드위치 먹으러 다녀왔어요ㅎㅎ 요즘 샌드위치에 꽂혀서 잠실 샌드위치 맛집 찾아보다가 샌드위치 종류도 다양하고 잠봉뵈르도 있다고 해서 가본 곳이에요! 바로 타운샌드위치 잠실점! 아담하고 혼밥하기 좋은 곳 매장 내부는 전체적으로 자그마한 편이에요. 혼밥하기 편한 구조더라구요ㅎㅎ 혼자 와서 샌드위치 하나 먹고 커피 한 잔 하기에도 부담 없는 분위기! 잠실에서 혼밥할 곳 찾을 때 이런 곳 은근 중요하잖아요ㅋㅋㅋ 그리고 커피도 맛있다는 후기가 많아서 샌드위치랑 같이 먹을까 했는데 저희는 이미 커피를 마시고 와서 이번에는 패…,https://m.blog.naver.com/notonebuttwo/224408807736
2026-09-11,블로그,,리뷰 이벤트,"잠실 잠봉뵈르 타운샌드위치 잠실점-추천메뉴,가격,정확한 위치","엇! 이 매장이 언제 생긴 거지? 집이 이 근처라 장미상가 왔다갔다 잘 하는데 장미상가 맞은편 잠실 더샵스타파크 건물에 잠실 잠봉뵈르 샌드위치가 있을 줄이야! 그리고 이 근처에 삼성, 쿠팡 회사도 있어서 직장인들 잠실 잠봉뵈르 샌드위치 찾는다면 딱 이 곳이 좋을 것 같다. 점심시간에 즐기기 좋은 간편 식사 타운 샌드위치 잠실점 얼른 가보즈아! 샌드위치와 음료는 사랑입니다 라는 거지? 너?ㅋㅋㅋ 귀여운 캐릭터가 매장을 들어가기 전부터 웃게 만든다. 날씨가 선선해져서 외부에서 드시는 분도 계시고~ 우린 아직 덥기 때문에 실내로 들어가즈…",https://m.blog.naver.com/keereydes/224407751144
2026-09-11,블로그,,,"밥 맛 없을 때, 간단하게 끼니 때우기 좋은 잠실 타운샌드위치","밥은 안 땡기는데 간단하게 끼니 먹고 싶을 때 있잖아요. 밥맛이 많이 없는데 끼니를 때우긴 해야 되고 그럴 때 생각난 게 바로 샌드위치였어요. 여기는 샌드위치가 엄청 다양하게 있는데 치킨 반미, 에그마요 반미, 애플 잠봉뵈르, 바질 샌드위치, 크랜베리 잠봉뵈르 등등 종류가 엄청 다양해서 저는 밥맛은 없고 약간 달달한 것도 먹고 싶어서 애플 잠봉뵈르를 시켰어요. 안에 햄이랑 달달한 애플이 들어가 있는데 진짜 기대했던 것보다 너무 맛있는 거예요!! 그리고 2등분 할지 3등분 할지도 말하면 먹기 편리하게 원하는 등분으로 선택해 줘서 저는…",https://m.blog.naver.com/doer_doer/224407769816
2026-09-11,블로그,,,타운샌드위치 잠실점_겉바속촉 바게트 샌드위치 맛집_야외 테라스석에서 맛있는 점심,"첫째 개학 후 멕시코에서 육아메이트였던 언니와 함께 잠실 바게트 샌드위치 맛집인 &#x27; 타운샌드위치 잠실점&#x27; 에 다녀왔습니다. 세트 메뉴로 대표 메뉴인 타운샌드위치 와 신메뉴 크랜베리 잠봉뵈르 , 시원한 음료를 야외 테라스에서 즐겼어요. 겉바속촉 바게트와 신선한 재료, 뽑기 쿠폰 이벤트까지 후기를 공유합니다. 드디어 첫째가 개학을 해서 드디어 저에게도 여유로운 시간이 생겼답니다! 오랜만에 멕시코에서 육아 메이트로 함께 시간을 보내며 의지했던 언니를 만나 점심을 먹기로 했는데요. 어디를 갈까 고민하다가 저희 동네 실거주…",https://m.blog.naver.com/illuto/224408122266
2026-09-11,블로그,,리뷰 이벤트,"[잠실 샌드위치] 타운샌드위치 잠실점 | 잠실 바게트 샌드위치, 커피 맛집","타운샌드위치 잠실점 잠실 바게트 샌드위치, 잠봉뵈르 맛집 안녕하세요! 일정 차 잠실나루역 근처에 방문하면서 점심 겸 저녁으로 먹을 가벼운 식사를 찾다가 잠실 샌드위치 맛집이라는 ""타운샌드위치 잠실점""에 방문하게 되었습니다. 타운샌드위치 잠실점 서울특별시 송파구 올림픽로35가길 10 103호 타운샌드위치 잠실점 이 블로그의 체크인 이 장소의 다른 글 🕰️ 영업시간 매일 9:00 - 20:00 🔖 매장특징 건물 내 남/녀 화장실 구분 네이버 리뷰이벤트 시 아이스티 증정 더샵 스타파크 지하주차장 1시간 무료(직원 요청) 💵 가격 타운샌드…",https://m.blog.naver.com/khg740202-/224407977093
2026-09-11,블로그,,,"[잠실] 잠실 샌드위치, 타운샌드위치(ft. 바질 잠봉뵈르&bull;타운 샌드위치)","안녕하세요. 쑤로그입니다 :) 다들 샌드위치 좋아하시나요? 맛있는 빵에 신선한 채소와 치즈, 햄 등 속재료가 어우러져 더 맛있는 샌드위치! 저는 밥대신 삼시세끼를 샌드위치로 끼니를 떼울정도로 샌드위치를 좋아하는데요. 그래서인지 새로운 샌드위치 가게가 보이면 그냥 지나치지 못하고 꼭 한 번씩 먹어보는 편이에요. 이번에 잠실 쪽에서 약속이 있어 근처 샌드위치 가게에 다녀왔는데요. 맛과 퀄리티는 물론이고 가성비까지 만족스러운 샌드위치를 알게 되어 잠실 샌드위치 맛집 , 타운샌드위치 를 소개해보려고 해요. 타운샌드위치 잠실점 서울특별시 송…",https://m.blog.naver.com/suyean02_/224407920085
2026-09-11,블로그,,리뷰 이벤트,잠실 샌드위치 맛집 '타운샌드위치 잠실점' 신선한 재료에 바삭바삭 바게트,잠실 샌드위치 맛집을 찾는다면? &#x27;타운샌드위치 잠실점&#x27; 잠실에서 샌드위치 맛집 찾고 계신가요? 타운샌드위치 잠실점 다녀왔는데 진짜 대만족이었어요! 잠실역 9번 출구에서 도보로 딱 420m 거리에 있고 주차도 가능해서 접근성이 너무 좋았어요 :) 한강공원이랑도 멀지 않아서 날씨 좋은 날 피크닉 포장 메뉴로도 완전 제격인 곳이에요 타운샌드위치 잠실점 연락처 : 0507-1448-2447 주소 : 서울 송파구 올림픽로35가길 10 103호 영업시간 : 매일 오전 09:00 ~ 오후 20:00 주차 : 가능(잠실 더샵 스…,https://m.blog.naver.com/hyeoniiiee_/224408430870
2026-09-11,영수증,5.0,,,우와 완전 샌드위치 맛집이네요! 계속 오고 싶은 맛! 신선하고 완전 빵이 진짜 맛있어요 겉은 바삭하게 속은 촉촉하네요! 가볍게 저녁 먹으려고 들어왔는데 신나서 막 더 시켰어요 ㅎㅎ 여기 여러 행사도 하고 있으니까 많이 와 보세요! 저는 완존 만족!!,https://m.place.naver.com/restaurant/1866142117/review/visitor?reviewItemId=6aa3da183a20c4be88d9aa4a
2026-09-11,영수증,5.0,,,"트러플 잠봉뵈르, 단호박 스프, 아이스라떼 먹었어요 :) 잠봉뵈르는 한입 먹자마자 트러플향이 은은하게 나는데 생각보다 과하지 않아서 좋았고, 짭짤한 잠봉이랑도 잘 어울렸어요! 빵이랑 같이 먹으니까 고소하고 담백해서 생각보다 금방 다 먹음ㅎㅎ 그리고 단호박 스프가 은근 맛있었어요🥹 부드럽고 따뜻해서 잠봉뵈르 먹다가 중간중간 같이 먹으니까 조합이 딱 좋더라구요. 아이스라떼까지 마시니 생각보다 배도 든든하게 찼어요! 간단하게 먹으려고 갔는데 꽤 만족스럽게 먹고 나왔어요. 다음에는 다른 샌드위치도 먹어보고 싶어요 😊",https://m.place.naver.com/restaurant/1866142117/review/visitor?reviewItemId=6aa38a9699aedcbc81ef2edd
2026-09-10,블로그,,,"잠실 샌드위치 맛집 타운샌드위치 잠실점, 잠실 잠봉뵈르 추천","안녕하세요. 데이온입니다:) 금요일은 항상 아들과 함께 데이트를 하는데요. 아들과 롯데월드 가기전에 가볍게 점심겸 간식으로 샌드위치를 먹으러 갔답니다. 주소 서울 송파구 올림픽로35가길 10 103호 타운샌드위치 잠실점 2,8호선 잠실역 9번 출구에서 420m 영업시간 09:00~20:00 전화번호 0507-1448-2447 주차 유료 가능 최초 60분 무료 잠실 더샵 스타파크 지하주차장 이용하시면 평일 1시간 무료, 주말 2시간 무료 (직원에게 주차요청해주시면됩니다.) 타운샌드위치 잠실점 외관 초록색 간판이 선명하게 보인답니다. …",https://m.blog.naver.com/fvivian/224406798756
2026-09-10,블로그,,리뷰 이벤트,"잠실 샌드위치 맛집, 타운샌드위치 잠실점 잠봉뵈르 추천&hearts;","타운샌드위치 잠실점 영업시간 : 매일 09:00 - 20:00 매장번호 : 0507-1448-2447 포장, 예약, 배달, 남/녀 화장실 구분, 주차 안녕하세요 스윗바닐라에요 :) 오늘은 잠실 샌드위치 맛집, 잠실 잠봉뵈르 맛집 ‘타운샌드위치 잠실점’을 소개하려고 합니다 트러플 잠봉뵈르 샌드위치와 그릴드 치킨 반미가 맛있는 잠실 샌드위치 맛집이에요 ! 친절하고 가성비 좋고 무엇보다 너무 맛있어서 소개해드리고 싶은 찐맛집입니다 그럼 거두절미하고 바로 소개해드릴게요~^^ 타운샌드위치 Town Sandwich(@town_sandwich)…",https://m.blog.naver.com/sweet_vanila/224407608149
2026-09-10,영수증,5.0,,,"바삭바삭한 반미 바게트 속에 바질소스와 싱싱한 채소, 잠봉이 차곡차곡 꽉 들어있어요. 샌드위치 먹고 싶어 방문했는데 바삭한 바게트 빵이라 식감도 재밌고, 너무 맛있게 먹었습니다 ♥️ 근처에 계신 분들 가벼운 브런치 필요하시면 방문해보세요! 추천드립니다 ㅎㅎ 아메리카노도 고소하니 맛있어요 😝",https://m.place.naver.com/restaurant/1866142117/review/visitor?reviewItemId=6aa2524a4c8ab3abb0ed105c
2026-09-10,영수증,5.0,,,재료가 너무 신선하고 직원분도 친절하고 좋아요!!!!타운샌드위치 맛있네요,https://m.place.naver.com/restaurant/1866142117/review/visitor?reviewItemId=6aa285bc96ad5b93bf3c4440
2026-09-09,블로그,,리뷰 이벤트,잠실 잠봉뵈르 샌드위치 맛집 타운 샌드위치,"요즘 퇴근하고 저녁을 먹을 때 너무 무겁지 않으면서도 어느 정도 든든한 메뉴를 찾게 되더라고요. 이날도 뭘 먹을까 고민하다가 방문한 곳은 타운샌드위치 잠실점 ! 브런치 전문점이라 저녁에 사람이 많이 없었지만, 오히려 깔끔하게 한 끼 먹고 싶었던 이날과 잘 맞았어요ㅎㅎ 타운샌드위치 잠실점 서울특별시 송파구 올림픽로35가길 10 103호 타운샌드위치 잠실점 이 블로그의 체크인 이 장소의 다른 글 📌 위치: 잠실역 도보 5분거리 📌 영업 시간: 매일 09:00 - 20:00 매장 외부 & 내부 매장은 전체적으로 깔끔하고 캐주얼한 분위기예…",https://m.blog.naver.com/uyeonni_/224406374432
2026-09-09,영수증,5.0,,,샌드위치 정말 두툼하고 바삭하고 맛있어요. 질기지않아요~ 가볍게 한끼용으로 샌드위치 자주 먹는데 정말 맛있네요.,https://m.place.naver.com/restaurant/1866142117/review/visitor?reviewItemId=6aa123aa65e909815164a5b0
2026-09-09,영수증,5.0,,,매장 깨끗하고 사장님도 친절하시구 샌드위치까지 맛잇네요~~ 바쁜 아침에 딱 즐기기에도 아쥬 추천입니당 ㅎㅎ,https://m.place.naver.com/restaurant/1866142117/review/visitor?reviewItemId=6aa120b24f512c51edb28a58
2026-09-09,영수증,5.0,,,친절하셔서 더 맛있게 느껴져요. 잘 먹었습니다!,https://m.place.naver.com/restaurant/1866142117/review/visitor?reviewItemId=6aa0e2b45cb2e2e6d31475fd
2026-09-09,영수증,5.0,,,바게트샌드위치 너무신선하고 맛있어요!! 건강하게느껴져요 완전추천입니다 ㅎㅎ,https://m.place.naver.com/restaurant/1866142117/review/visitor?reviewItemId=6aa0d53f783503e7499c7b36
2026-09-09,영수증,5.0,,,샌드위치 맛있어요 혼밥하기도 좋아요,https://m.place.naver.com/restaurant/1866142117/review/visitor?reviewItemId=6aa0cbbd6486e19f95161a9b
2026-09-09,영수증,5.0,,,식사 할 곳이 많고 쾌적해서 먹고 가기도 좋아요!!,https://m.place.naver.com/restaurant/1866142117/review/visitor?reviewItemId=6aa0c76665bb18958db25d0d
2026-09-09,영수증,5.0,,,샌드위치 정말 맛있어요! 깔끔하고 간단하게 먹기 좋아요,https://m.place.naver.com/restaurant/1866142117/review/visitor?reviewItemId=6aa106a012d8d5705519f38d
2026-09-09,영수증,5.0,,,잠실에 볼일이 있어 방문했다가 우연히 들린 타운샌드위치!! 평소에 빵이랑 야채를 좋아해서 샌드위치를 즐겨 먹는편인데 여기는 진짜 찐입니다 … 바게트가 질깃하거나 딱딱하지 않고 겉바속쫄 극락… 속재료랑 잘 어울리고 커피도 맛있어요 ㅜㅠ,https://m.place.naver.com/restaurant/1866142117/review/visitor?reviewItemId=6aa0b91a1415801d2b5aed2d
2026-09-08,블로그,,,잠실 잠봉뵈르 타운샌드위치 애플시나몬 먹어본 후기,점심에 잠실에 일정이 있어서 근처에서 간단하게 뭐 먹을까 하다가 샌드위치가 생각나서 타운샌드위치 잠실점에 다녀왔어요 🥪✨ 마침 잠실 잠봉뵈르 가 먹고 싶기도 했고 점심을 너무 무겁게 먹기는 싫어서 샌드위치 하나랑 커피 정도면 딱 좋겠다 싶었어요 ㅋㅋㅋ 📍 주소 : 서울 송파구 올림픽로35가길 10 103호 타운샌드위치 잠실점 ⏰ 영업시간 : 매일 09:00 ~ 20:00 ☎️ 연락처 : 0507-1448-2447 🚗 주차 : 잠실 더샵 스타파크 지하주차장 이용 💡 평일 1시간 무료 / 주말 2시간 무료 ※ 직원에게 주차 요청해주세요…,https://m.blog.naver.com/luv_howd/224405079360
2026-09-08,블로그,,광고 표기,"[잠실 잠봉뵈르/잠실 샌드위치]반미, 잠봉뵈르 맛집 '타운샌드위치 잠실점' 케이준 치킨 커리반미샌드위치+에그마요 추가!! 후기","#협찬 타운샌드위치 잠실점 서울특별시 송파구 올림픽로35가길 10 103호 타운샌드위치 잠실점 이 블로그의 체크인 이 장소의 다른 글 안녕하세요 오늘은 진짜 든든하고 맛있게 먹고온 잠실 잠봉뵈르 / 잠실 샌드위치 맛집 ""타운샌드위치 잠실점"" 후기 알려드릴게요 잠실역 9번 출구기준으로 도보 8분 거리(420m)에 위치해있고, 참고하실 네이버 지도 링크 추가해드릴게요 네이버지도 타운샌드위치 잠실점 map.naver.com 영업시간은 휴무 없이 매일 09:00-20:00 이에요! 그리고 주차정보!! 타운샌드위치 잠실점은 주차가 지원됩니다…",https://m.blog.naver.com/findingdotory/224404890235
2026-09-08,블로그,,,혼밥하기 좋은 잠실 샌드위치 타운샌드위치 잠실점 추천,지난주 잠실에 미용실 들렀다가 점심시간을 놓쳐 간단히 혼자 점심먹을 곳을 찾다가 타운샌드위치 잠실점을 다녀왔어요. 잠실에는 혼밥할만한 곳을 찾기 어려운데 타운샌드위치 잠실점은 편안한 분위기에 혼밥을 즐기기 좋아요. 주문 후 바로 만들어주시는 바삭한 바게트에 신선한 재료가 가득한 샌드위치가 너무 인상적이라 소개해보려 해요. 🥪 타운샌드위치 잠실점 타운샌드위치 잠실점 서울특별시 송파구 올림픽로35가길 10 103호 타운샌드위치 잠실점 이 블로그의 체크인 이 장소의 다른 글 타운샌드위치 잠실점은 서울 송파구 올림픽로35가길 10 103호…,https://m.blog.naver.com/tiny112/224404562809
2026-09-08,블로그,,,잠실 잠봉뵈르 타운샌드위치 꽉 채웠어요,"집에서 이것 저것 신선한 재료 사서 샌드위치 싸는 것도 일인데요. 최근 대형 마트에 갔더니 국내산 브로콜리가 두 송이에 무려 6,000원이라서 기함을 했던 경험이 있거든요. 물가는 점점 하늘을 찌르는 가운데, 잠실 잠봉뵈르 유명한 곳이 있다고 해서 얼른 다녀왔습니다. 타운샌드위치 잠실점, 입지도 좋고 인근에 롯데월드와 백화점이 있어서 슬렁슬렁 쇼핑하고 놀다가 출출할 때 요기하기에 그저 그만이었어요. 내부도 이래저래 깔끔했고요. 전체적으로 매장이 막 크진 않지만, 딱 캐주얼하게 앉아서 호젓한 분위기 즐기면서 빠르게 식사하기에 좋았어요…",https://m.blog.naver.com/dkffod123/224405189837
2026-09-08,영수증,5.0,,,"잠실 샌드위치 맛집 찾는다면 잠실역 맛집 타운샌드위치 잠실점 추천합니다 ~!트러플잠봉뵈르도 신선한 루꼴라, 잠봉뵈르 조합이라 정말 맛있고 단호박스프도 정말 기대이상으로 너무 맛있었어요! 👍👍",https://m.place.naver.com/restaurant/1866142117/review/visitor?reviewItemId=6a9fd745a05178eaeee0f4a5
2026-09-08,영수증,5.0,,,타운샌드위치랑 바질잠봉뵈르 샌드위치 먹고 왔는데 두 메뉴 모두 너무 맛있어요! 매번 지나다니면서 언젠가 먹어봐야지 생각했는데 왜 이제야 온건지 후회가 되네요 가볍게 한 끼 대용으로도 너무 좋고 만원도 안되는 가성비 좋은 가격이라 만족스러워요! 올인원세트로 스프도 같이 먹었는데 감칠맛이 좋고 바게트 찍어먹으면 찰떡궁합이라 세트로 먹는 거 추천드려요! 좀 더 선선해지면 야외 자리에서 피크닉 느낌으로 즐겨볼거에요 :),https://m.place.naver.com/restaurant/1866142117/review/visitor?reviewItemId=6a9fc425118ecef5311919f5
2026-09-08,영수증,5.0,,,잠실에 일정있어서 방문했는데 사장님 너무 친절하고 샌드위치도 맛있어요!!! 새로나온 애플 먹어봤는데 빵도 깨끗하고 폭신폭신 하더라구요!! 크랜베리 쿠키도 엄청 두껍더라구요 ⭐️🩷 커피도 진해서 점심으로 너무 든든히 먹고가요~~,https://m.place.naver.com/restaurant/1866142117/review/visitor?reviewItemId=6a9f7b5c3d2541c35a0b555f
2026-09-08,영수증,5.0,,,맛있고 깔끔하고 간이 딱 맞습니다! 스프도 맛나요! 혼밥도 좋음ㅎㅎ,https://m.place.naver.com/restaurant/1866142117/review/visitor?reviewItemId=6a9fd3a8aefb44077ac342b2
2026-09-07,블로그,,광고 표기,타운샌드위치 잠실점 | 잠실 바게뜨 잠봉뵈르 샌드위치 맛집,바게뜨 잠봉뵈르 샌드위치가 맛있는 잠실 샌드위치 맛집 오늘은 잠실 근교에서 데이트를 하는 날. 다이어트 중인 여친을 위해서 건강에 좋(아보이는)은 잠실 샌드위치 맛집 타운샌드위치 잠실점 에 왔습니다. 목차 가게 정보 상세 리뷰 가게 정보 타운샌드위치 잠실점 서울특별시 송파구 올림픽로35가길 10 103호 타운샌드위치 잠실점 이 블로그의 체크인 이 장소의 다른 글 주소 서울특별시 송파구 올림픽로35가길 10 103호 타운샌드위치 잠실점 영업시간 09:00~20:00 전화번호 0507-1448-2447 주차장 있음 타운샌드위치 잠실점 …,https://m.blog.naver.com/30284denis/224403941040
2026-09-07,블로그,,리뷰 이벤트,"잠실 샌드위치 맛집 타운샌드위치 잠실점, 따끈한 그릴드 치킨 반미 먹고 온 후기🥖💗",잠실에서 점심 뭐 먹지 !? 바게트 샌드위치로 한 끼🥖 타운샌드위치 잠실점 요즘 샌드위치가 왜 이렇게 맛있는지 모르겠어요 ㅋㅋㅋ 밥은 조금 부담스럽고 그렇다고 대충 먹기는 싫은 날 있잖아요 !??!!😉 타운샌드위치 잠실점 이번에는 잠실 쪽에서 맛있는 샌드위치를 찾다가 ‘타운샌드위치 잠실점’ 에 다녀왔어요 :) 타운샌드위치 잠실점 잠실에는 워낙 맛집이 많아서 어디를 갈까 고민하다가…! 여기는 직접 만든 바게트로 샌드위치를 만드는 곳이라고 해서 궁금하더라구요~🥖 타운샌드위치 잠실점 잠실에서 볼일 보거나 점심 먹으러 돌아다니다 보면 은근…,https://m.blog.naver.com/hyewlsdl_/224403742576
2026-09-07,블로그,,,잠실 샌드위치 맛집 타운샌드위치 그릴드치킨반미 후기,"주말 오전에 운동하러 나왔다가 점심은 가볍게 샌드위치로 먹고 싶더라구요 잠실 샌드위치 맛집 타운샌드위치에서 반미, 스프 진저라떼까지 알차게 먹고 온 후기 싹 다 풀어볼게요! 타운샌드위치 잠실점 첫인상, 내부 잠실역 9번출구에서 가깝구요 장미상가 맞은편에 있는 잠실더샵 스타파크 상가 1층에서 바로 찾을 수 있었어요 문열고 들어가니 내부는 깔끔하고 새로 생긴 곳이라 그런지 바닥부터 테이블까지 군더더기가 없어요. 셀프바에는 빨대, 냅킨, 물티슈가 가지런히 놓여 있고 그 사이에 벽 일러스트 구경하고 굿즈 구경하다 보면 금방이에요. 공간 자…",https://m.blog.naver.com/tentalents/224403832524
2026-09-07,영수증,5.0,,,애플 잠봉뵈르 먹었는데 넘 맛있어요 따끈한 스프도 꼭 드세요 강추. 밀크티도 맛있어요 전체적으로 다 맛있고 혼밥도 어색하지 않은 분위기라 만족합니다,https://m.place.naver.com/restaurant/1866142117/review/visitor?reviewItemId=6a9e22db5035552fed6e2bbd
2026-09-07,영수증,5.0,,,양많고 원하는대로 조각 내주셔서 먹기편했어요 잠봉도 많이 짜지않아서 맛있게먹었습니다,https://m.place.naver.com/restaurant/1866142117/review/visitor?reviewItemId=6a9dfcdb346643ccd426170f
2026-09-06,블로그,,,"잠실 샌드위치 맛집 타운샌드위치 잠실점, 잠봉뵈르 세트 후기","안녕하세요 행요입니다:) 요즘 간단하게 먹을 수 있으면서도 든든한 메뉴를 찾다가 잠실에 있는 타운샌드위치 잠실점에 다녀왔어요. 샌드위치를 좋아해서 평소에도 자주 먹는 편인데, 여기는 일반적인 프랜차이즈 샌드위치와는 조금 다른 느낌이라 궁금했거든요 ㅎㅎ 특히 잠봉뵈르나 바게트 샌드위치를 좋아하는 분들이라면 한 번쯤 가볼 만한 곳이라 소개해 보려고 해요. 타운샌드위치 잠실점은 서울 송파구 올림픽로35가길 10, 1층에 위치하고 있어요. 잠실에서 접근하기 좋은 위치라 근처에서 식사할 곳을 찾을 때 방문하기 괜찮았어요. 영업시간은 매일 오…",https://m.blog.naver.com/minigoldroom/224402727039
2026-09-06,블로그,,리뷰 이벤트,잠실 샌드위치 카페 타운샌드위치 잠실점 메뉴 추천,잠실 샌드위치 카페 타운샌드위치 잠실점 메뉴 추천 타운샌드위치 잠실점 서울특별시 송파구 올림픽로35가길 10 103호 타운샌드위치 잠실점 이 블로그의 체크인 이 장소의 다른 글 안녕하세요 연푸디입니다! 오늘은 잠실 샌드위치 카페 타운샌드위치 잠실점 에 다녀왔어요. 간단히 먹을 수 있는 다양한 종류의 샌드위치와 음료 종류도 다양하게 준비되어 있어서 맛있게 먹고 올 수 있었습니다. 바로 리뷰 시작할게요! 매장 안에서 먹을 공간도 있고 밖에 앉을 수 있는 테이블도 있더라구요. 요즘 바람이 불고 날씨가 시원해져서 저희가 방문했을 때 밖에서…,https://m.blog.naver.com/yeondaze/224402961733
2026-09-06,영수증,5.0,,,"네이버 리뷰 느낌으로 자연스럽게 써볼게요. 너무 광고 같지 않게 음식별 맛 표현도 넣어서요. 샌드위치 종류가 다양해서 고민하다가 트러플 잠봉뵈르랑 그릴드 치킨 반미, 단호박스프까지 같이 주문했어요! 트러플 잠봉뵈르는 트러플 향이 은은하게 올라오면서 잠봉이랑 빵 조합이 진짜 잘 어울렸어요. 자극적이지 않은데 계속 생각나는 맛ㅎㅎ 그릴드 치킨 반미는 치킨이 담백하고 야채랑 소스가 잘 어우러져서 생각보다 훨씬 맛있었어요! 바게트도 겉은 바삭하고 속은 쫄깃해서 식감도 좋았고요. 단호박스프는 달달하고 부드러워서 샌드위치랑 같이 먹으니까 딱 …",https://m.place.naver.com/restaurant/1866142117/review/visitor?reviewItemId=6a9ceaa7c7f352bb9019ddd8
2026-09-06,영수증,5.0,,,운동 후 먹는 샌드위치!! 굿!! 서비스도 굿!! 사장님도 굿!! 감사합니다~~ 잘 먹겠습니다!!,https://m.place.naver.com/restaurant/1866142117/review/visitor?reviewItemId=6a9cc5e64be79a2cec1f5079
2026-09-05,블로그,,,빵이 맛있는 잠실 샌드위치 맛집 타운샌드위치 잠실점,잠실 근처에서 혼자 간단하게 저녁을 해결할만한 집을 찾던 중 가성비가 좋아보이는 샌드위치 집을 발견했다. 밥보다는 빵을 좋아하는 편이고 샌드위치에 스프까지 세트로 판매하고 있다는 좋은 후기를 보고 찾아갔다. 위치 타운샌드위치 잠실점 서울특별시 송파구 올림픽로35가길 10 103호 타운샌드위치 잠실점 이 블로그의 체크인 이 장소의 다른 글 오늘 소개할 잠실 샌드위치 맛집 타운샌드위치는 잠실더샵스타파크 상가 건물에 있다. 잠실역 11번 출구에서 약 600m로 7분정도 걸으면 도착할 수 있다. 가게모습 잠실 샌드위치 맛집으로 유명한집답게…,https://m.blog.naver.com/jmtttt/224401883645
2026-09-05,블로그,,,"바삭한 빵과 상큼한 조합에 반한 타운샌드위치 잠실점, 세트 할인 꿀팁부터 솔직 맛 평가까지","타운샌드위치 잠실점 가벼우면서도 속이 꽉 찬 브런치가 생각나는 날, 제대로 만든 샌드위치 한 입이 주는 만족감은 생각보다 크죠. 특히 바쁜 일상 속에서 빠르고 간편하게, 하지만 퀄리티는 결코 포기하고 싶지 않은 직장인이나 1인 혼밥러 분들이라면 늘 믿고 갈 만한 샌드위치 집을 찾아 헤매셨을 텐데요. 오늘은 겉바속촉 바게트 식감부터 감각적인 조합까지 제대로 취향 저격당하고 온 타운샌드위치 잠실점 방문 후기를 준비했어요. 혼밥 하기 좋은 매장 분위기부터 알찬 세트 할인 정보, 그리고 소소한 이벤트 혜택까지 꼼꼼하게 정리해 드릴게요. 혼…",https://m.blog.naver.com/mtr_1105/224401802771
2026-09-05,영수증,5.0,,,남자친구 다이어트 때문에 잠실 놀러와서 들리게 되었는데 와.. 진심 먹어본 반미 중에 1등 ㅠㅠㅠ 진짜 맛있어요 집 근처였으면 맨날 배달 시켜먹었을텐데🥺 다음에 잠실 놀러오면 또 올 의향있습니다🥰 사장님 번창하세요!,https://m.place.naver.com/restaurant/1866142117/review/visitor?reviewItemId=6a9ba1c4613003a3e637c3c6
2026-09-05,영수증,5.0,,,바게트는 퐁신한 스타일이고 루꼴라 많이 들어있어서 좋았어요~!,https://m.place.naver.com/restaurant/1866142117/review/visitor?reviewItemId=6a9b91dde400d5c2f5fd67a6
2026-09-04,블로그,,,잠실 잠봉뵈르 맛집 혼밥 고민 끝! 타운샌드위치 솔직 후기,"잠실 주말 혼밥러의 고민 끝판왕 주말에 잠실 혼자 나올 때마다 항상 고민되는 게 밥이더라고요. 1인 식당 찾기도 애매하고, 그렇다고 편의점 삼각김밥만 먹기엔 좀 아쉽잖아요. 그러다 우연히 발견한 곳이 바로 여기, 타운샌드위치 잠실점 이에요. 초록색 간판이 딱 눈에 띄더라고요. 잠실 더샵스타파크 상가 쪽인데 야외에 노란 테이블도 있어서 날씨 좋을 때 는 여기 앉아서 먹어도 좋을 것 같았어요. 입구부터 심상치 않은 준비성 매장 앞에 세워진 배너부터 눈길을 끌었어요. 에어컨 파워 냉방 가동 중이라는 안내랑 메뉴판까지 친절하게 붙어있더라고…",https://m.blog.naver.com/jsintheyp/224400463987
2026-09-04,블로그,,리뷰 이벤트,*잠실 롯데타워 맛집 / 잠실 샌드위치 맛집 타운샌드위치 잠실점,잠실역 9번 출구 쪽 신천근린공원 뒤쪽 건물에 위치한 #잠실맛집 #잠실역맛집 #송파구맛집 #타운샌드위치잠실점 친구랑 포켓몬 별빛낙원 잉어킹 카드 받으러 롯데타워 방문했다 구경하고 간단히 점심 먹을 곳 찾아보다 #잠실샌드위치맛집 으로 유명한 곳이 있길래 먹으러 고고! 올여름 더위가 극심했는데 에어컨 파워 냉방 가동 중이라니~ 잠시 쉬면서 더위 식히기 제격 >< 야외에도 테이블이 있어서 여긴 선선해지면 이용하기 좋을듯! 주말 점심쯤 방문하니 손님이 많아서 정신없었는데 시간 지나니 한산해져서 얼른 사진 찍기~ 다찌석도 마련돼있어서 혼밥 …,https://m.blog.naver.com/chlgkdud453/224400696768
2026-09-04,블로그,,,콰작한 수제 바게트가 일품인 잠실 바게트 맛집 [타운 샌드위치] 솔직후기,"타운샌드위치 잠실점 서울특별시 송파구 올림픽로35가길 10 103호 타운샌드위치 잠실점 이 블로그의 체크인 이 장소의 다른 글 오늘은 브런치나 간단한 한 끼 식사로 즐기기 좋은 타운샌드위치 잠실점에 다녀온 후기를 적어보려고 한다 바게트 샌드위치를 워낙 좋아하는 편이라 기대를 품고 방문했는데 기대 이상으로 만족스러웠던 곳이다 타운샌드위치 잠실점 [주소] 서울 송파구 올림픽로35가길 10 103호 타운샌드위치 잠실점 2,8호선 잠실역 9번 출구에서 420m [영업 정보] 매일 09:00~20:00 [주차 정보] 유료 가능 최초 60분 …",https://m.blog.naver.com/cydcyd2cyd/224400611153
2026-09-04,블로그,,,잠실 바게트 샌드위치 맛집 타운샌드위치 혼밥 갈만한곳,"잠실 바게트 샌드위치 맛집 타운샌드위치 글, 사진, 영상 @오늘수달 잠실에서 가볍지만 든든한 한 끼를 찾고 있다면 바게트 샌드위치는 어떠세요? 최근 잠실에서 혼밥 갈만한곳을 찾다가 다양한 종류의 샌드위치를 맛볼 수 있는 타운샌드위치 잠실점에 다녀왔는데요. 어떤 메뉴가 있는지, 또 그 맛은 어땠는지 지금부터 소개해드릴게요. 위치소개 📍주소 : 서울 송파구 올림픽로35가길 10 1층 🕖시간 : 매일 09:00~20:00 🅿️주차 : 잠실 더샵 스타파크 지하주차장 (평일 1시간 / 주말 2시간 지원) 🔍편의 : 포장, 예약, 배달, 남/…",https://m.blog.naver.com/oneul_sudal/224400541438
2026-09-04,블로그,,,"잠실 샌드위치 타운샌드위치 잠실점, 바삭한 잠봉뵈르 맛집","잠실 샌드위치 타운샌드위치 잠실점 바삭한 잠봉뵈르 맛집 영업시간 09:00~20:00 타운샌드위치 잠실점 서울특별시 송파구 올림픽로35가길 10 103호 타운샌드위치 잠실점 이 블로그의 체크인 이 장소의 다른 글 잠실에서 쇼핑하구 간단하게 저녁먹으러 타운샌드위치 잠실점에 방문해봤어요. 요즘 다이어트 중이라 최대한 간단하게 먹으려 노력중.. 매장 외부, 내부에 주문 키오스크가 한대씩 있었고 저흰 안에 들어가서 주문했어요 ㅎㅎ 뭔가 샌드위치집이라 포장이나 배달 위주일듯 했는데 매장에도 자리가 꽤 많고 먹기 편하게 되어있었어요! 혼밥하러…",https://m.blog.naver.com/ultoria/224400283612
2026-09-04,블로그,,,잠실 바게트 맛집 타운샌드위치 잠실점 바질 잠봉뵈르 점심 혼밥,"평일 오전 미용실에 다녀오는 길, 점심으로 평소 좋아하는 바게트 샌드위치를 먹으려고 찾아간 곳이 있어요. 바로 타운샌드위치 잠실점인데요. 혼자 간단하게 먹으면서도 든든하게 챙기고 싶었던 날이라 아메리카노 한잔과 바게트 샌드위치를 주문했답니다. 타운샌드위치 잠실점 서울특별시 송파구 올림픽로35가길 10 103호 2호선 8호선 잠실역 9번 출구 420m 📍영업시간 매일 9:00 ~ 20:00 ☎️ 0507-1448-2447 🚗 주차가능 최초 60분 무료 추가 요금 60분당 1,000원 잠실 더샵 스타파크 지하주차장 이용 평일 1시간 무…",https://m.blog.naver.com/jotang83/224400480860
2026-09-04,영수증,5.0,,,샌드위치가 재료도 신선하고 양도 푸짐해요 특히 빵이 정말정말 맛있어요 이정도 가격에 먹을수 있는 최고의 샌드위치에요,https://m.place.naver.com/restaurant/1866142117/review/visitor?reviewItemId=6a9a985959b0d565d2f2a3d4
2026-09-04,영수증,5.0,,,겉 바석하고 멋있어요 3등분 했더니 깔끔하게 먹기 편하고요 신선하고 양도 넉넉해요 포장해 소풍가기도 좋고 내부도 깔끔하고 조용하니 좋아요,https://m.place.naver.com/restaurant/1866142117/review/visitor?reviewItemId=6a9a9a6df8b58c7991daaaf8
2026-09-03,블로그,,,"타운샌드위치,잠실바게트,샌드위치,간식,식사로 짱,잠실샌드위치","타운샌드위치 잠실점 서울 송파구 올림픽로 35가길 10, 103호 09:00~20:00 0507 1448 2447 잠실바게트 맛집 타운샌드위치 잠실점, 바질 잠봉뵈르와 단호박스프 세트 후기 잠실에서 간단하면서도 맛있는 식사를 찾다가 타운샌드위치 잠실점 에 다녀왔어요. 요즘 잠실에서 바게트로 만든 샌드위치를 찾고 있었는데, 타운샌드위치는 바게트를 직접 반죽해서 구워낸 빵으로 샌드위치를 만든다 고 해서 궁금하더라고요. 위치는 서울 송파구 올림픽로 35가길 10, 103호 에 있습니다. 깔끔한 인테리어에 사장님도 친절하시고, 제가 식사하…",https://m.blog.naver.com/jsy715/224400175864
2026-09-03,블로그,,리뷰 이벤트,"[서울/잠실 맛집] 잠실 샌드위치 맛집, 빵이 정말 특별했던 '타운샌드위치 잠실점' 솔직 후기🥪","안녕하세요! 오늘은 최근 샌드위치 매니아들 사이에서 입소문을 타고 핫하게 떠오르는 곳, &#x27; 타운샌드위치 잠실점 &#x27; 에 다녀온 후기를 가져왔습니다! 보통 샌드위치라고 하면 간편하게 때우는 가벼운 식사 정도로 생각하기 쉬운데요. 🥪☕ 이 곳은 부담 없는 가격대임에도 불구하고 바삭한 바게트에 듬뿍 들어간 프레시한 재료, 따뜻하고 진한 스프까지 알차게 즐길 수 있는 조합을 자랑해요! 타운샌드위치 잠실점 서울특별시 송파구 올림픽로35가길 10 103호 타운샌드위치 잠실점 이 블로그의 체크인 이 장소의 다른 글 ‘타운샌드위치…",https://m.blog.naver.com/hyeonii20/224400083264
2026-09-03,블로그,,,"잠실 바게트 | 타운샌드위치 잠실, 인생 바게트 빵 + 가성비 좋은 샌드위치 맛집 먹어도 속이 편한 프레쉬 음식",위치 서울특별시 송파구 올릭픽로 35가길 10 103호 타운샌드위치 잠실점 타운샌드위치 잠실점 서울특별시 송파구 올림픽로35가길 10 103호 타운샌드위치 잠실점 이 블로그의 체크인 이 장소의 다른 글 맛있고! 신선하고! 건강한! 그런 샌드위치가 너무 그리워 지고 있는 요즘 너무 좋은 기회로 차원이 다른 샌드위치를 먹어볼 수 있었습니다. 저희가 이번에 방문한 곳은 잠실 바게트 맛집 &#x27; 타운샌드위치 잠실 &#x27; 입니다. 타 : 타의 추종을 불허하는 신선함 운 : 운 (언)제 먹어도 맛있을 것 같은 밸런스 샌 : 샌(센)…,https://m.blog.naver.com/hawoohawoo7/224400002257
2026-09-03,블로그,,,"잠실 샌드위치 맛집 타운샌드위치 잠실점, 가볍게 먹기 좋았던 샌드위치","잠실 샌드위치 맛집 타운샌드위치 잠실점, 가볍게 먹기 좋았던 샌드위치 친구랑 잠실에 옷 구경하러 갔다가 한참 돌아다니니 배가 슬슬 고프더라구요. 그렇다고 거하게 밥을 먹기는 부담스럽고, 가볍게 샌드위치 먹고 다시 구경하자 싶어서 찾아간 곳이 타운샌드위치 잠실점이예요. 타운샌드위치 잠실점 타운샌드위치 잠실점 서울특별시 송파구 올림픽로35가길 10 103호 타운샌드위치 잠실점 이 블로그의 체크인 이 장소의 다른 글 🥪타운샌드위치 잠실점 서울 송파구 올림픽로35가길 10 103호 타운샌드위치 잠실점 0507-1448-2447 포장, 예약…",https://m.blog.naver.com/singleflower/224400066701
2026-09-03,영수증,5.0,,,잠실에서 가성비 있게 샌드위치 먹으러 오기 딱 좋은 곳이에요 깔끔한 환경에서 친절한 서비스를 받을 수 있어 좋았어요 혼밥하기 편리한 곳입니다,https://m.place.naver.com/restaurant/1866142117/review/visitor?reviewItemId=6a98ecd704c5b9f891485cf8
2026-09-02,블로그,,리뷰 이벤트,"잠실 바게트 타운샌드위치, 잠봉뵈르샌드위치 혼밥 &middot; 데이트 코스 추천","타운샌드위치 잠실 글, 사진, 영상 © 여행온 오늘 신랑이랑 잠실 나갔다가 샌드위치 맛집이 있다고 해서 가봤어요~ 신선한 재료로 만들어서 그런지 다들 평이 좋더라구요~ 맛있는 빵 먹으러 고고!! 여행온 포스팅 시작합니다! 주소 : 송파구 올림픽로 35가길 10 103 영업시간 : 09:00~20:00 전화번호 : 0507-1448-2447 단체 이용, 무선인터넷,화장실, 간편결제, 주 잠실역 교통회관쪽으로 나가셔서 여유있게 한 10분 정도 걸으시면 타운샌드위치가 보여요~~~ 점심시간쯤 가서 그런지 손님들이 끊이지 않고 계속 오시더라…",https://m.blog.naver.com/woolnulmammy/224398510354
2026-09-02,영수증,5.0,,,스프샌드위치 주문해서 식사했어요. 빵부터 달라요. 빵이 진짜 바삭하고 담백해요. 따끈한 스프도최고. 친절한 사장님 덕분에 더욱더 즐겁게 식사했어요.,https://m.place.naver.com/restaurant/1866142117/review/visitor?reviewItemId=6a97f03eff2497ba90c625ad
2026-09-02,영수증,5.0,,,신랑과 데이트 나왔다가 간단히 점심 먹으러 들어왔어요. 샌드위치 바게뜨를 직접 만드셔서 그런지 빵이 맛있구요. 내부 재료들이 너무 신선해서 맛있게 먹었어요. 다음에 또 들릴께요~~~^^,https://m.place.naver.com/restaurant/1866142117/review/visitor?reviewItemId=6a97977868d54ce672326c67
2026-09-01,블로그,,리뷰 이벤트,타운샌드위치 잠실점 ㅣ 잠실 샌드위치 직장인 점심으로 좋은 커피 세트,회사 근처에서 간단하면서도 든든한 식사를 찾다가 타운샌드위치 잠실점 에 다녀왔어요. 샌드위치 종류가 다양해서 메뉴 고르는 재미도 있었는데 저는 이날 트러플 잠봉뵈르와 바질 잠봉뵈르 먹어봤답니다!! 먹어보고 생각보다 빵이 너무 맛있어서 기억에 남았던 곳이에요 ㅎㅎ 영업정보&주차 타운샌드위치 잠실점 서울특별시 송파구 올림픽로35가길 10 103호 타운샌드위치 잠실점 이 블로그의 체크인 이 장소의 다른 글 📍영업정보📍 매일 09:00-20:00 🚗주차 가능 깔끔한 외관의 타운샌드위치 잠실점이에요. 아침 9시부터 영업을 해서 잠실에서 브런…,https://m.blog.naver.com/miing7310/224397339740
2026-09-01,블로그,,,잠실 잠봉뵈르 타운샌드위치 브런치 추천,"잠실 잠봉뵈르 추천 타운샌드위치 잠실점 매일 09:00 - 20:00 타운샌드위치 잠실점 서울특별시 송파구 올림픽로35가길 10 103호 타운샌드위치 잠실점 이 블로그의 체크인 이 장소의 다른 글 잠실6동 주민센터쪽, 잠실푸르지오월드마크아파트 건너편 상가동 매장에 위치한 타운샌드위치 잠실점입니다 타운샌드위치 매장 위치 지도를 참고해 주세요:-) 간단한 브런치를 먹으러 잠봉 잠봉뵈르 맛있는 타운샌드위치 잠실점에 다녀왔습니다 타운샌드위치 잠실점은 샌드위치와 잠봉 등 주재료가 되는 빵이 맛있는 맛집이어서 잠실에서 간단한 브런치 찾는분들에…",https://m.blog.naver.com/wooookiki/224396994414
2026-09-01,블로그,,리뷰 이벤트,자체 개발한 바게트가 있는 잠실 잠봉뵈르 타운샌드위치,잠실에 오랜만에 들른 김에 가벼운 점심식사를 하고 싶어서 찾은 잠실 샌드위치 맛집!! 타운샌드위치 잠실점 서울특별시 송파구 올림픽로35가길 10 103호 타운샌드위치 잠실점 이 블로그의 체크인 이 장소의 다른 글 바게트 샌드위치가 있는 집인데 바게트빵도 직접 굽는다고 해서 믿고 방문한 타운샌드위치 타운샌드위치 직접 만든 바게트에 꽉찬 채소와 잠봉~ 영업시간 매일 09:00 - 20:00 요기 보이는 반가운 간판! 잠실역에서 도보로 7분정도 거리에 있는 타운샌드위치~~ 외부에 키오스크가 있고 안에도 있었다. 밖에서 미리 메뉴를 볼 수…,https://m.blog.naver.com/jannyray/224397332271
2026-09-01,블로그,,,잠실 잠봉뵈르 바게트 맛집 타운샌드위치 잠실점,"안녕하세요. 잠실 바게트 샌드위치 맛집을 찾다가 타운샌드위치 잠실점에 다녀왔어요. 직접 반죽해 구워낸 바게트 HACCP 인증 베이커리 제조 바게트를 활용한 샌드위치와 맛있는 잠봉 뵈르 가게 찾는 분들 주목 오늘은 타운샌드위치, 케이준치킨커리 샌드위치와 카페 라떼를 먹고 마셔보았어요. 타운샌드위치 잠실점 📍 매장 위치 안내 서울 송파구 올림픽로35가길 10 103호 타운샌드위치 잠실점 📞전화번호 : 0507-1448-2447 ⏰ 영업시간 : 매일 9:00~20:00 🚗 주차 가능 타운샌드위치 잠실점 서울특별시 송파구 올림픽로35가길 …",https://m.blog.naver.com/makea04/224397157836
2026-09-01,블로그,,리뷰 이벤트,"잠실 샌드위치 맛집 타운샌드위치 잠실점, 바게트가 맛있는 곳","잠실 샌드위치 어디가 맛있을까? 타운 샌드위치 잠실점 요즘 바게트 샌드위치에 완전히 중독되어 있던 나. 한 가지 꽂히면 계속 먹는 편이라 일주일 내내 다양한 종류의 샌드위치를 먹고 있었는데, 그중에서도 잠실에서 특출난 바게트 빵으로 샌드위치를 만드는 잠실역 인근 맛집 ‘타운 샌드위치’를 소개해 보려고 합니다. 타운샌드위치 잠실점 주소 서울 송파구 올림픽로 35가 길 10 103호 타운샌드위치 잠실점 교통 잠실역 9번 출구에서 420m 영업시간 매일 09:00 - 20:00 포장, 예약, 배달, 남/녀 화장실 구분, 주차 타운샌드위치…",https://m.blog.naver.com/pocariblue/224397676696
2026-09-01,영수증,5.0,,,건강하고 든든한 한끼였어요. 잠봉뵈르에 닭가슴살 추가해서 먹으니까 너무 맛있네요. 시원한 음료까지 혼밥 제대로 즐겼습다.,https://m.place.naver.com/restaurant/1866142117/review/visitor?reviewItemId=6a967ad447bfa62becaef6f4
2026-09-01,영수증,5.0,,,아니 사장님 이렇게 다 퍼주시는데 남는게 있으신가요….? 샌드위치 너무너무너무x10000000 맛있고 스프랑 음료 나오는 세트가 14000원대면…. 진짜 저 맨날옵니다….😉💖,https://m.place.naver.com/restaurant/1866142117/review/visitor?reviewItemId=6a966c80fea6823db16f6125
2026-08-31,블로그,,리뷰 이벤트,잠실샌드위치 [타운샌드위치 잠실점] 잠봉뵈르가 맛있는 반미집,"타운샌드위치 잠실점 서울특별시 송파구 올림픽로35가길 10 103호 타운샌드위치 잠실점 이 블로그의 체크인 이 장소의 다른 글 🚊잠실역 9번출구에서 420m 📍서울 송파구 신천동 7-14 ⏰매일 09:00-20:00 ☎️0507-1448-2447 🛍️포장/배달가능 스타파크 주차장 서울특별시 송파구 올림픽로35가길 10 이 블로그의 체크인 이 장소의 다른 글 🅿️ 주차가능 (평일1시간, 주말2시간 무료) 타운샌드위치 Town Sandwich(@town_sandwich) • Instagram 사진 및 동영상 팔로워 343명, 팔로잉 7…",https://m.blog.naver.com/leees34/224396024632
2026-08-31,블로그,,,"잠실 바게트가 맛있는 타운샌드위치 잠실점, 빵부터 다른 에그마요 반미 브런치 후기","타운샌드위치 잠실점 잠실바게트, 잠실샌드위치, 잠실잠봉뵈르 주말 낮 잠실에서 간단하게 한 끼 먹을 곳을 찾다가 잠실 샌드위치 타운샌드위치 잠실점에 다녀왔어요. 잠실 향군타워 바로 옆 건물이고 현대자동차 옆 건물이라 위치도 어렵지 않았는데요. 큰길 쪽에 초록색 간판이 눈에 띄어서 처음 가도 금방 찾을 수 있고 잠실 더샵 스타파크 상가 지하주차장에 1시간 주차도 가능하답니다. 무엇보다 여기는 그냥 샌드위치 전문점이 아니라 바게트 샌드위치 전문점이라는 점이 조금 달랐어요. 샌드위치에서 빵이 차지하는 비중이 꽤 큰 편이라 어떤 빵을 사용하…",https://m.blog.naver.com/myqnamyqna/224394594618
2026-08-31,영수증,5.0,,,빵이 너무 맛있어요! 든든히 잘 먹었습니다:),https://m.place.naver.com/restaurant/1866142117/review/visitor?reviewItemId=6a955bf48d5803199afc3910
2026-08-31,영수증,5.0,,,음식도 정말 맛있고 샌드위치 왕커요 ㅎㅎ!!! 다음에 또 올게요💗💗,https://m.place.naver.com/restaurant/1866142117/review/visitor?reviewItemId=6a95056039d168207452e7c4
2026-08-31,영수증,5.0,,,자체 개발한 바게트랑 특제 소스 사용하신다고 했는데 바게트랑 소스가 진짜 맛있어요! 바게트 바로 구워서 만들어주시니까 완전 콰작하면서 담백하고 소스도 엄청 잘 어울러지면서 맛있어요 매장에 스리라차 소스 있어서 원래는 같이 먹으려고 했었는데 다른게 필요없는 완벽한 맛이었어요 ㅎㅎ 야채랑 햄도 많이 들어있는데 햄 자체도 안짜고 맛있었습니당 다름에 또올것같아요!,https://m.place.naver.com/restaurant/1866142117/review/visitor?reviewItemId=6a953dd42fe2a055ae0fcfd5
2026-08-31,영수증,5.0,,,바게트 샌드위치 맛집 타운샌드위치에 방문했어요. 주문 즉시 만들어주는 샌드위치라 바게트의 바삭함이 제대로에요. 양상추의 아삭함까지도 좋더라고요. 신선한 재료가 가득 들어 있어서 건강한 한끼로도 추천이에요. 커피세트는 할인도 되서 가성비 짱!!깔끔한 매장 덕분에 혼밥하기에도 딱!!,https://m.place.naver.com/restaurant/1866142117/review/visitor?reviewItemId=6a94f07fcf8300373a44bfa9
2026-08-30,블로그,,리뷰 이벤트,잠실 잠봉뵈르 타운샌드위치 잠실점| 대표메뉴 바질 잠봉뵈르와 크림스프 그리고 딸기라떼,타운샌드위치 잠실점 서울특별시 송파구 올림픽로35가길 10 103호 타운샌드위치 잠실점 이 블로그의 체크인 이 장소의 다른 글 ✨️타운 샌드위치 잠실점✨️ 📍주소: 서울 송파구 올림픽로 35가 길 10 103호 타운 샌드위치 잠실점 📍전화번호: 0507-1448-2447 📍영업시간: 매일 09:00 ~ 20:00 오늘은 느긋하게 브런치 즐기러 잠실에 있는 타운 샌드위치에 다녀옴🥪☕️ 주거지에 위치해 있어서 조용한 분위기였다 매장 외부 테라스석이 먼저 보였는데 주말 오전에 저기 앉아서 브런치 먹으면 정말 여유로울 것 같았다 에어컨 파…,https://m.blog.naver.com/no5ra/224394920159
2026-08-30,블로그,,,빵순이 추천 잠실 샌드위치 맛집 타운 샌드위치,"안녕하세요 잠실에서 놀다 간단하고 맛있게 먹고 싶어 검색해 보다 저번에 방문했을 때 정말 맛있게 먹었던 타운 샌드위치가 있길래 방문했어요! 타운샌드위치 잠실점 서울특별시 송파구 올림픽로35가길 10 103호 타운샌드위치 잠실점 이 블로그의 체크인 이 장소의 다른 글 위치 서울 송파구 신천동 7-14 영업시간 일 ~ 월 09:00 ~ 20:00 잠실역에서 가까운 위치라 이동하기도 편해요 👍🏻 사람들 입맛은 역시 비슷한가 봐요. 제가 맛있게 먹었던 곳이라 다시 찾았는데, 매장에 들어가 보니 손님들로 가득 차 있더라고요. 매장 자체가 아…",https://m.blog.naver.com/arisong___/224394575462
2026-08-30,블로그,,리뷰 이벤트,잠실 샌드위치 맛집 [타운샌드위치] 방문후기,"잠실에 들렀다가 샌드위치가 먹고 싶어 맛집을 검색해서 들렀습니다. 타운샌드위치 잠실점 주요 정보 [위치] 서울 송파구 올림픽로35가길 10 103호 ( 잠실 더샵스타파크 상가, 장미아파트 맞은편) [주차] 잠실더샵스타파크 상가 지하주차장 이용가능 [영업시간] 매일 09:00 - 20:00 [전화번호] 0507-1448-2447 [인스타그램] https://www.instagram.com/town_sandwich 네이버 1층의 도로변이라 찾기가 아주 쉽습니다. 식사식간을 피해가니 손님이 적어 자리를 쉽게 잡을 수 있었어요 키오스크에서…",https://m.blog.naver.com/visionous/224395071559
2026-08-30,블로그,,,타운샌드위치 잠실점 |잠실나루역 샌드위치 맛집 애플잠봉뵈르 바질잠봉뵈르 든든한 점심 후기,점심은 먹어야 하는데 너무 무거운 메뉴는 부담스럽고 그렇다고 간단하게 먹자니 금방 배고플 것 같은 날 있잖아요😊 이날 딱 그런 기분이라 타운샌드위치 잠실점 에서 애플잠봉뵈르와 바질잠봉뵈르를 점심으로 먹어봤어요🥖 타운샌드위치 잠실점 서울특별시 송파구 올림픽로35가길 10 103호 타운샌드위치 잠실점 이 블로그의 체크인 이 장소의 다른 글 샌드위치라 가볍게 생각했는데 잠봉이 생각보다 넉넉하게 들어 있어서 점심 한 끼로 꽤 든든하더라고요 직장인 점심은 물론이고 아이들 학교 끝난 뒤 학원 가기 전 챙겨줄 간식으로도 괜찮겠다 싶었던 곳이에요…,https://m.blog.naver.com/ziwon93/224395210741
2026-08-30,영수증,5.0,,,,https://m.place.naver.com/restaurant/1866142117/review/visitor?reviewItemId=6a93e524d6b812db9c54579f
2026-08-30,영수증,5.0,,,,https://m.place.naver.com/restaurant/1866142117/review/visitor?reviewItemId=6a93e3bff8d37ba7346ec5c7
2026-08-30,영수증,5.0,,,포켓몬 별빛낙원 들리기 전 방문햇어요. 역이랑 멀지 않고 맛있다는 얘기가 있어서~~ 소문대로 맛있어요! 스프랑 음료 세트도 있어서 부담없이 한끼 식사 가능!,https://m.place.naver.com/restaurant/1866142117/review/visitor?reviewItemId=6a93b5cf82d2a495f5daadcc
2026-08-30,영수증,5.0,,,샌드위치가 재료도 신선하고 맛있어요 음료들도 맛있구요 잠실근처 샌드위치 찾는다면 추천합니다,https://m.place.naver.com/restaurant/1866142117/review/visitor?reviewItemId=6a93b7cbd8cd38966f47f9dd
2026-08-29,블로그,,,잠실 샌드위치 맛집 타운샌드위치 잠실점 잠실 혼밥 가능한 곳,"잠실에서 혼밥할 곳을 찾다가 샌드위치 맛집 찾았어요! 바로 타운샌드위치 잠실점 입니다 무려 바게트로 만든 샌드위치라 너무 맛있어서 여러분들께도 소개해볼게요 타운샌드위치 잠실점 🏠 주소 서울 송파구 올림픽로35가길 10 103호 ⏰영업시간 매일 09:00-20:00 🅿️주차 잠실 더샵 스타파크 지하주차장 이용 평일 1시간 무료, 주말 2시간 무료 🚾 화장실 상가 화장실 이용 1. 위치 타운샌드위치 잠실점 서울특별시 송파구 올림픽로35가길 10 103호 타운샌드위치 잠실점 이 블로그의 체크인 이 장소의 다른 글 위치는 잠실역 7, 9번…",https://m.blog.naver.com/sunakimha/224393967200
2026-08-29,블로그,,리뷰 이벤트,"[카페] 타운샌드위치 잠실점(잠실역 샌드위치 맛집, 잠실역 브런치 맛집, 잠실 점심 맛집추천, 잠실 바게트 샌드위치, 잠봉 바질 샌드위치 후기,…","타운샌드위치 잠실점 📍주소) 서울 송파구 올림픽로35가길 10 103호 🕒시간) 매일 09:00 ~ 20:00 📞전화) 0507-1448-2447 🚗주차) 평일 1시간 , 주말 2시간 무료 안녕하세요. 먼지입니다😊 오늘은 잠실 샌드위치 맛집인 ✔️타운샌드위치 잠실점✔️을 방문했습니다! 타운샌드위치 잠실점은 잠실역 7번 출구에서 도보로 약 7분거리에 위치해 있어요~ 삼성SDS 바로 옆 건물에 있어서 찾아가기도 어렵지 않았답니당 회사 근처라 그런지 점심시간에 방문하는 손님이 정말 많더라구요!! 주문은 매장 외부 또는 매장 내부에 마련되…",https://m.blog.naver.com/dust_do__it/224393761223
2026-08-29,블로그,,,잠실 샌드위치 타운 샌드위치 잠실점,"타운샌드위치 잠실점 서울특별시 송파구 올림픽로35가길 10 103호 타운샌드위치 잠실점 이 블로그의 체크인 이 장소의 다른 글 📍 매장 위치 및 기본 정보 주소: 서울 송파구 올림픽로35가길 10, 잠실 더샵스타파크 1층 (신천동 11-9) (잠실역 8번 출구 또는 몽촌토성역 3번 출구에서 도보로 접근성이 좋습니다) 전화번호: 02-2068-5063 특징: 포장, 배달 서비스 및 프리오더(패스오더) 가능 얼마 전에 잠실 쪽에 볼일이 있어서 나갔다가, 출출하기도 하고 가볍고 건강한 한 끼가 당겨서 예전부터 눈여겨보던 “타운샌드위치 잠…",https://m.blog.naver.com/wjdalswl513/224394355371
2026-08-29,블로그,,리뷰 이벤트,"잠실 샌드위치 맛집 타운 샌드위치, 혼밥 하기 좋은 곳 올인원 세트 솔직 후기(+주차)",#잠실바게트 #잠실샌드위치 #잠실잠봉뵈르 #잠실샌드위치맛집 #잠실맛집 #잠실맛집추천 #잠실혼밥 #잠실혼밥맛집 #잠실점심 #잠실점심맛집 #잠실샌드위치집 #잠실브런치 #잠실간단한식사 #타운샌드위치 #타운샌드위치잠실점 #타운샌드위치주차 #타운샌드위치올인원세트 #샌드위치맛집 #샌드위치추천 #샌드위치점심 #혼밥맛집 안녕하세요 율리입니다~ 잠실중학교에서 공기업 필기시험이 있어서 보고 나오니 어느덧 점심시간이 다 되어 배가 고프더라고요. 근처에 간단하게 식사할 곳이 없나 찾아보다가 잠실 샌드위치 맛집으로 유명한 타운 샌드위치 잠실점 을 발견해서…,https://m.blog.naver.com/tjyuri0215/224394139301
2026-08-29,영수증,5.0,,,친절하고 맛있어요~~~^^,https://m.place.naver.com/restaurant/1866142117/review/visitor?reviewItemId=6a92b5edf54f1b1675de6dfb
2026-08-29,영수증,5.0,,,맛있어요~재료도 신선하고 좋아요!!!!!!,https://m.place.naver.com/restaurant/1866142117/review/visitor?reviewItemId=6a926cd4f02d7361170e90fb
2026-08-29,영수증,5.0,,,"타운샌드위치 잠실점 세트(샌드위치·스프·음료)로 타운샌드위치와 반미를 먹었어요. 주문 후 만들어 줘서 빵은 바삭하고 속 재료는 신선하며, 스프는 깔끔해 샌드위치와 잘 어울렸어요. 커피도 맛있고 사장님이 친절해 재방문 의사 있어요!",https://m.place.naver.com/restaurant/1866142117/review/visitor?reviewItemId=6a9261a42561c292c8c21550
2026-08-28,블로그,,리뷰 이벤트,[잠실] 잠실 바게트 샌드위치 맛집 타운샌드위치 잠실점,위치: 서울 송파구 올림픽로35가길 10 103호 타운샌드위치 잠실점 영업 시간: 매일 09:00-20:00 전화번호: 0507-1448-2447 Information #잠실바게트 #잠실샌드위치 #잠실잠봉뵈르 타운샌드위치 잠실점 서울특별시 송파구 올림픽로35가길 10 103호 타운샌드위치 잠실점 이 블로그의 체크인 이 장소의 다른 글 잠실에서 볼 일 보고 간단히 먹을 곳을 찾다가 타운샌드위치 잠실점에 다녀왔다! 샌드위치만큼 건강하면서도 가볍고 산뜻하게 먹기 좋은 음식이 없는 것 같다. 타운샌드위치 잠실점은 잠실 장미상가 맞은편에 있…,https://m.blog.naver.com/pepper_paper_/224393293269
2026-08-28,블로그,,리뷰 이벤트,잠실 샌드위치 타운샌드위치 잠실점 브런치 카페 점심메뉴 추천,타운샌드위치 잠실점 위치: 서울 송파구 올림픽로35가길 10 103호 타운샌드위치 잠실점 매일 영업시간: 09:00~ 20:00 전화번호: 0507-1448-2447 안냐세요 은밍입니다! 오늘은 잠실 직장인 점심 메뉴나 주말 나들이 브런치로 딱 좋은 신선함이 가득한 잠실 샌드위치 맛집 &#x27;타운샌드위치 잠실점&#x27; 소개 드리겠습니다 빵수니 은밍이는 신나는 마음으로 달려갔서용ㅋㅋ 매장 외부 잠실맛집 타운샌드위치 잠실점 위치는 잠실역과 잠실나루역 사이에 있어용! 입간판에 에어컨 파워 냉방 가동 중 문구가 적혀 있는데 더운 날…,https://m.blog.naver.com/dmsw9987/224392875166
2026-08-28,블로그,,,"잠실 바게트샌드위치 맛집 타운샌드위치, 바삭한 빵과 어우러진 소스","잠실 바게트샌드위치 맛집 타운샌드위치, 바삭한 빵과 어우러진 소스 안녕하세요 건빵달입니당 이번주 평일 저녁 열심히 집밥을 해먹었어요. 그러다가 어제 잠실역 볼일이 있어서 근처 잠실샌드위치 간단하게 먹을 수 있는 곳을 찾다가 발견한 타운샌드위치. 출퇴근하면서 몇 번 봤는데 메뉴 종류가 다양해서 꼭 와보고 싶다고 생각했어요. 잠봉뵈르부터 반미까지 있어서 취향에 따라 골라 먹기 좋았어요. 특히 바게트 특유의 바삭한 식감과 부드러운 식감이 함께 느껴져 빵 자체도 인상적이었던 곳이에요. 직접 먹어본 타운샌드위치와 그릴드 치킨 반미 후기를 소…",https://m.blog.naver.com/rkdus457/224392969481
2026-08-28,영수증,5.0,,,지난번에 먹었을때 맛있어서 재방문입니당~ 특히 빵이 맛있어요!,https://m.place.naver.com/restaurant/1866142117/review/visitor?reviewItemId=6a915b36e5b77b2060cd1c9f
2026-08-28,영수증,5.0,,,"점심시간에 혼자 다녀온곳인데 너무너무 맛있어요,.🤍🤍 잠봉 한가득 들어있답니다!!",https://m.place.naver.com/restaurant/1866142117/review/visitor?reviewItemId=6a90f7e13df50aef39437692
2026-08-27,블로그,,리뷰 이벤트,잠실 바게트 잠봉뵈르 맛집 타운샌드위치 잠실점 세트 메뉴 추천,"아이와 주말 잠실 한강공원 나왔다가 출출함을 채우기 위해 찾았던 잠실 샌드위치 카페 타운샌드위치 잠실점 후기이다. 다녀와보니 기본부터 탄탄해서 가볍게 먹을 수 있으면서 든든한 한끼 식사 대용으로 타운샌드위치 잠실점 추천 ! 잠실 바게트 잠봉뵈르 맛집 타운샌드위치 잠실점 세트 메뉴 추천 타운샌드위치 잠실점 서울특별시 송파구 올림픽로35가길 10 103호 타운샌드위치 잠실점 이 블로그의 체크인 이 장소의 다른 글 타운샌드위치 잠실점 📍 서울 송파구 신천동 7-14 ⏰ 월-일 09:00~20:00 🅿️ 평일1시간, 주말2시간 무료 이용 …",https://m.blog.naver.com/ddangcong82/224391638349
2026-08-27,블로그,,리뷰 이벤트,잠실 샌드위치맛집 타운샌드위치 잠실점에서 쇼핑하고 간단하게 점심먹기 잠실혼밥추천,안녕하세요 돼지교수입니다! 저는 요즘 잠실나들이를 자주 가는데요 갈때마다 여기 집값이 괜히 비싼게아니다.. 이렇게 인프라가 좋을수 없다는 생각이 들더라구요. 아..우리 할아버지는 왜 잠실에 땅을 안사셨을까 잠깐 한탄하다가 롯데월드몰에서 공연도 보고 신나게 쇼핑하다가 간단하게 밥먹으러 잠실샌드위치맛집 타운샌드위치 잠실점에 방문해봤습니다. 잠봉뵈르 종류가 진짜 많더라구요. 금액도 착해서 가볍게 방문하기 딱이었어요. 타운샌드위치 잠실점 서울특별시 송파구 올림픽로35가길 10 103호 타운샌드위치 잠실점 이 블로그의 체크인 이 장소의 다른…,https://m.blog.naver.com/geniuspig777/224391242148
2026-08-27,블로그,,,잠실 샌드위치 맛집 | 타운샌드위치 잠실점 방문 후기,"타운샌드위치 잠실점 샌드위치, 반미 먹은 후기 타운샌드위치 잠실점 서울특별시 송파구 올림픽로35가길 10 103호 타운샌드위치 잠실점 이 블로그의 체크인 이 장소의 다른 글 ⏰ 매일 09:00 ~ 20:00 🅿️ 건물 지하주차장 평일 1시간 / 주말 2시간 지원 주말에 잠실 롯데월드몰 근처에서 간단하게 점심먹을 곳을 찾다가 타운샌드위치 잠실점 에 방문했습니당 ~! 주말 점심은 밥 대신 샌드위치나 브런치로 간단하게 먹는 걸 좋아하는데 마침 잠실에 바게트 샌드위치를 판매하는 타운샌드위치가 있더라고요 >_< 타운샌드위치 잠실점은 잠실 더…",https://m.blog.naver.com/dwdwdw0123/224392193956
2026-08-27,블로그,,리뷰 이벤트,잠실샌드위치 타운샌드위치에서 세트메뉴 먹고 대만족,잠실샌드위치 타운샌드위치에서 세트메뉴 먹고 옴 건강하게 한끼 먹고 싶은데 맛도 챙기고 싶을 때 타운샌드위치를 추천드립니다 가성비 좋은 세트 메뉴와 더불어 쿠키와 브라우니등 간식도 즐길 수 있는 잠실역 맛집 타운샌드위치 타운샌드위치 잠실점 서울 송파구 올림픽로 35가길 10 잠실역 9번 출구에서 420m 0507-1448-2447 매일 09:00-20:00 잠실 더샵스타파크 상가 103호에 위치한 잠실역맛집 타운샌드위치는 롯데타워에서는 도보로 13분정도 걸리기 때문에 롯데타워 들렀다가 식사하러 들리기 좋은 잠실샌드위치맛집입니다 상가 …,https://m.blog.naver.com/ghxorh2/224392103150
2026-08-27,블로그,,리뷰 이벤트,잠실 샌드위치 맛집 타운샌드위치 롯데몰 맛집 추천,요즘 잠실에서 포켓몬 별빛낙원 팝업스토어를 하고있는데요. 저도 딸랑구랑 함께 포켓몬 팝업스토어 구경을 신나게 했거든요. 점심때쯤 간거라 요기도 할겸 간단하게 잠실 롯데월드타워 맛집으로 먹을 곳을 찾았어요. 그런데 찾아보니 잠실에 너무너무 맛있는 샌드위치가게가 있어서 찾아가게 되었습니다!! 잠실 타운샌드위치 기본정보 잠실 하면 엄청 복잡하고 사람많아서 정신없다는 생각이 들잖아요. 그런데 타운 샌드위치 가보면 세상 평화롭고 고요한 편안함을 느끼실 것 같습니다. 📍 주소 서울 송파구 올림픽로35가길 10 103호 (잠실 더샵스타파크 상가…,https://m.blog.naver.com/theflowertree/224392477160
2026-08-27,영수증,5.0,,,오우 너무 맛나는 샌드위치였어요!! 바게트로 만들어졌는데 너무 딱딱하지 않고 딱 바삭? 한 정도여서 일반 샌드위치와는 다르게 맛있었습니다 =),https://m.place.naver.com/restaurant/1866142117/review/visitor?reviewItemId=6a90103cbe362ce0bde71173
2026-08-27,영수증,5.0,,,부드러운 빵 사이에 야채랑 햄이 가득 채워져 있어서 보기만 해도 기분 좋아지는 비주얼이에요. 깔끔하고 건강한데 맛까지 다 잡은 샌드위치라 완전 제 취향저격이네요,https://m.place.naver.com/restaurant/1866142117/review/visitor?reviewItemId=6a8fe3e2e71ea4d908e93f0d
2026-08-27,영수증,5.0,,,잠실에 왔다가 간단히 점심먹으러 들렀어요. 주문후 바로 만들어주셔서 더 맛있어요. 바게트도 바삭하고 재료도 신선하네요. 혼밥하기도 좋은 곳이에요.,https://m.place.naver.com/restaurant/1866142117/review/visitor?reviewItemId=6a8fc13d582e3daf6345f897
2026-08-27,영수증,5.0,,,진짜 맛있고 신선하고 푸짐하고 그냥 최곱니다!,https://m.place.naver.com/restaurant/1866142117/review/visitor?reviewItemId=6a8fae84aa17229cc1e2aa0f
2026-08-27,영수증,5.0,,,잠실에 볼일 있어서 들렸다가 혼밥하러 들렸는데 잠봉바질샌드위치가 넘 맛있어서 놀랐어요🥹 세트로 주문하니까 스프랑 아아도 같이 나와서 푸짐하게 한끼 든든하게 잘 채울 수 있었어용😆✨,https://m.place.naver.com/restaurant/1866142117/review/visitor?reviewItemId=6a8fa1466df43b174ccecfc7
2026-08-26,블로그,,광고 표기,잠실 바게트 타운샌드위치,"안녕하세요 띵띵이에요 가볍지만 든든하게 먹을 수 있는 브런치가 당기는 날! 브런치 겸 점심으로 제가 자주 찾는 단골 맛집인 잠실 브런치 카페, 타운샌드위치 잠실점에 다녀왔어요:) 🔽 아래 영상으로 먼저 확인해주세요~ 🔽 #협찬 빵이 다르면 샌드위치도 다르다길래 다녀온 타운샌드위치 #타운샌드위치 #잠실샌드위치 #에그산도 #자몽에이드 m.blog.naver.com 목차 1. 잠실 맛집 타운샌드위치 영업정보, 위치, 주차 2. 잠실 석촌호수 인근 샌드위치 맛집 내부 분위기 및 주문 팁 3. 타운 에그산도, 타운샌드위치, 자몽에이드 솔직 …",https://m.blog.naver.com/lalala559/224390415593
2026-08-26,블로그,,,잠실 샌드위치 간단한 한 끼가 필요할 때 타운샌드위치 잠실점,"🥪 잠실 든든한 샌드위치 한 끼 잠실에 볼일이 있어 갔다가 간단하면서도 든든하게 먹을 한 끼를 찾게 됐어요. 평범한 식사보다는 가볍게 먹고 이동하고 싶어서 찾아간 곳은 타운샌드위치 잠실점 입니다. 매장에서 직접 구운 바게트에 주문 후 바로 만들어주는 바게트 샌드위치 전문점 인데요. 이날은 플레인잠봉뵈르와 타운에그산도, 시원한 레몬에이드까지 주문해 늦은 저녁을 해결해 봤습니다.😆 잠실 샌드위치 찾으시는 분들을 위해 위치와 주차부터 직접 먹어본 메뉴까지 차근차근 소개해 볼게요.😆 🚗 위치와 주차 타운샌드위치 잠실점 서울특별시 송파구 올…",https://m.blog.naver.com/shyjjinbbang/224390076957
2026-08-26,영수증,5.0,,,"빵이 다르다는 말이 궁금해서 다녀왔는데, 확실히 다르네요. 씹을 때마다 콰ㅡ삭하고 듣기 좋은 소리가 나요. 겉은 바삭한데 속은 부드러워서 더 신기했어요. 잘 먹었습니다.🙆‍♀️",https://m.place.naver.com/restaurant/1866142117/review/visitor?reviewItemId=6a8e8402e2474ec40c5fbd74
2026-08-26,영수증,5.0,,,직접만든 바게트가 너무 바삭하고 촉촉해서 한입베어물면 행복하네요♡ 주문즉시 구운 바게트를 직접 만들어주시니 신선하고 맛있고 사람많은 이유가 있어요 ^^ 곁들이는 스프로 따뜻하고 좋아요!!!,https://m.place.naver.com/restaurant/1866142117/review/visitor?reviewItemId=6a8e6a8185865711267c3aaf
2026-08-25,블로그,,,잠실 잠봉뵈르 맛집 신선한 바게트 타운샌드위치,잠실에서 간단하게 한끼 먹을 곳 찾다가 알게된 곳이 있는데요. 매일 정성껏 신선한 재료로 바게트 샌드위치를 만드는 타운 샌드위치 잠실점이에요. 샌드위치라고 하면 보통 식빵이나 치아바타를 많이 상상하잖아요. 그런데 여기는 바게트를 이용해서 샌드위치를 만든다고 해서 기대감을 안고 다녀왔습니다. 위치: 서울 송파구 올림픽로35가길 10 103호 잠실더샵 스타파크 상가 103호에 위치해 있고 있고요. 대중교통을 이용해서 방문하는 경우 지하철 2호선 또는 8호선 잠실역 7번 출구에서 도보 9분 그리고 롯데월드타워에서 도보로 13분 정도의 거…,https://m.blog.naver.com/behappy_sso/224389967844
2026-08-25,블로그,,리뷰 이벤트,타운샌드위치 잠실점 잠실나루역 주말 브런치 잠실 샌드위치 후기,안녕하세요 라곰입니다. 비가 추적추적 내린 주말 밥 하기도 싫고 집에만 있으니 기분이 다운되서 집 앞 샌드위치 가게에 브런치를 먹으러 갔어요! 타운샌드위치 잠실점인데 n번째 방문할 정도로 정말 제 취향인 곳이랍니다. 특히 샌드위치 빵이 정말 맛있어서 좋아하는 곳이에요ㅎㅎ 아직 8월말이라 늦여름 더위도 기승인데 에어컨도 빵빵하게 틀어져있어서 카페 피서 즐기기에도 딱이에요😊 타운샌드위치 잠실점 타운샌드위치 잠실점은 잠실나루역 부근에 있어요. 잠실역에서는 8호선 11번 출구랑 가까이 있습니다. 타운샌드위치 잠실점 서울특별시 송파구 올림픽…,https://m.blog.naver.com/nabihunsang/224389244155
2026-08-25,영수증,5.0,,,지나가면서 궁금했는데 바질 잠봉 시켜봤어요! 매장 넓고 깔끔해서 좋아요,https://m.place.naver.com/restaurant/1866142117/review/visitor?reviewItemId=6a8d68a080e0ba3209258a78
2026-08-25,영수증,5.0,,,"세트메뉴 먹었어요! 타운샌드위치, 단호박 스프, 밀크티 다 너무 맛있었어요 밀크티의 향긋함과 단호박 스프의 달큰함, 샌드위치의 든든함까지! 배도 엄청 차고 든든한 한끼였습니당",https://m.place.naver.com/restaurant/1866142117/review/visitor?reviewItemId=6a8d751d35b61548a94af543
2026-08-25,영수증,5.0,,,샌드위치 빵도 바삭쫄깃하고 재료도 신선해요! 만들어져있는 샌드위치가 아니라 갓 만든 샌드위치라 진짜 맛있어요👍🏻,https://m.place.naver.com/restaurant/1866142117/review/visitor?reviewItemId=6a8d18961b699d4151c97558
2026-08-25,영수증,5.0,,,최근 먹은 샌드위치중 최고였어요 시그니쳐메뉴인 타운샌드위치 먹었는데 치즈 추가꼭 해서 드세요 완전 강추^^~~크림스프 시키면 바게트도 주셔서 스프에 푸욱 찍어드시면 존맛입니다 한끼 든든한 건강식단으로 추천해ㅛ,https://m.place.naver.com/restaurant/1866142117/review/visitor?reviewItemId=6a8d1dfaf14663ee44287525
